x,y,polarity
296,88,True
290,85,True
299,94,True
271,72,True
296,91,True
285,59,True
298,60,True
288,86,False
293,85,True
291,86,False
287,86,True
286,85,True
286,86,True
285,87,True
286,87,True
295,86,False
295,87,False
287,84,True
288,83,True
289,90,True
298,86,False
287,85,True
298,88,False
293,91,True
285,86,True
289,83,True
289,82,True
299,87,False
298,87,False
297,82,False
287,90,True
290,83,False
294,84,False
287,86,True
294,87,True
298,83,False
297,83,False
297,84,False
292,81,False
294,86,True
293,90,False
288,82,True
286,85,True
296,82,False
297,85,False
292,89,True
296,90,False
298,84,False
287,89,True
287,87,True
295,91,False
286,86,True
287,85,True
311,75,True
296,91,False
286,84,True
292,86,False
285,91,True
289,82,True
292,90,True
289,89,False
299,86,False
287,84,True
288,83,True
289,83,True
309,72,True
291,87,False
290,82,False
288,84,True
291,86,False
294,87,True
298,87,False
294,86,True
287,90,True
309,71,True
285,90,True
298,86,False
298,88,False
286,87,True
287,86,True
298,85,False
287,83,True
290,81,True
293,89,False
289,81,True
312,83,True
293,82,True
311,78,True
296,89,False
289,84,True
293,86,True
311,77,True
309,88,True
286,88,True
288,88,True
293,92,True
289,82,True
298,58,True
284,142,True
287,85,True
287,89,True
310,79,True
297,88,False
312,75,True
311,81,True
308,68,True
288,82,True
296,90,False
284,88,True
310,81,True
293,83,False
286,89,True
301,63,True
291,88,False
303,64,True
296,81,False
307,65,True
303,65,True
293,85,True
307,91,True
287,87,True
309,84,True
285,87,True
291,81,False
308,89,True
296,84,False
295,91,False
287,84,True
289,88,False
287,88,True
288,89,True
297,83,False
289,83,True
311,82,True
294,86,True
292,81,False
288,83,True
296,88,False
298,89,False
294,85,True
298,87,False
305,64,True
294,87,True
295,81,False
309,76,True
299,85,False
292,89,True
292,90,True
296,82,False
309,92,True
310,80,True
305,93,True
312,76,True
289,80,True
288,85,False
289,82,True
308,70,True
297,89,False
309,69,True
292,85,False
297,84,False
289,89,False
299,100,True
287,90,True
287,89,True
271,76,False
288,91,True
297,85,False
299,88,False
289,81,True
286,83,True
298,142,True
306,67,True
298,88,False
298,86,False
312,87,True
282,142,True
305,66,True
310,83,True
309,85,True
291,86,False
307,66,True
304,94,True
313,77,True
287,87,True
304,96,True
288,81,True
295,87,False
293,83,False
306,68,True
309,73,True
288,89,True
315,78,True
292,91,True
313,75,True
297,82,False
287,84,True
295,86,False
297,87,False
272,84,False
308,88,True
310,78,True
304,68,True
311,85,True
309,89,True
305,85,True
294,82,False
288,88,True
311,79,True
291,87,False
312,80,True
269,82,False
293,84,False
310,76,True
289,84,True
304,65,True
309,74,True
273,93,False
285,87,True
272,94,False
296,83,False
285,86,True
290,87,False
298,141,True
296,85,False
309,87,True
304,95,True
271,86,False
270,76,False
307,68,True
290,84,False
308,72,True
302,97,True
308,66,True
286,84,True
271,87,False
310,84,True
285,85,True
298,143,True
298,85,False
303,98,True
293,85,True
307,71,True
269,81,False
296,89,False
298,87,False
295,83,False
272,91,False
297,88,False
295,90,False
308,69,True
288,82,True
309,86,True
292,88,True
272,79,False
294,88,True
271,82,False
272,88,False
273,90,False
276,67,False
294,83,False
301,142,False
305,63,True
287,91,True
311,83,True
290,83,False
287,88,True
310,74,True
278,99,False
293,86,True
270,85,False
269,76,False
289,82,True
296,82,False
296,90,False
310,69,True
296,84,False
287,83,True
292,80,False
294,86,True
310,86,True
310,82,True
299,87,False
313,78,True
299,62,True
271,72,False
286,86,True
297,91,False
310,73,True
271,92,False
283,87,True
295,91,False
298,144,True
272,74,False
298,86,False
287,89,True
309,83,True
298,84,False
297,85,False
305,94,True
300,60,True
272,87,False
308,67,True
288,90,True
304,61,True
295,82,False
310,89,True
307,72,True
288,91,True
311,76,True
296,81,False
288,89,True
289,81,True
309,82,True
307,89,True
305,65,True
309,67,True
286,85,True
310,77,True
296,91,False
271,89,False
294,91,False
287,84,True
287,87,True
275,66,False
275,94,False
307,69,True
274,96,False
292,81,False
272,81,False
307,67,True
273,77,False
297,83,False
285,87,True
297,81,False
285,91,True
275,98,False
297,84,False
295,85,False
275,68,False
275,96,False
295,84,False
298,88,False
315,79,True
307,70,True
307,90,True
274,88,False
298,82,False
287,92,True
309,79,True
288,88,True
275,67,False
297,86,False
277,65,False
269,75,False
306,92,True
308,71,True
274,93,False
285,86,True
306,65,True
273,73,False
311,84,True
299,99,True
269,79,False
295,89,False
301,141,False
277,99,False
312,73,True
273,95,False
269,84,False
274,68,False
269,88,False
300,61,True
298,87,False
270,74,False
310,85,True
308,73,True
271,75,False
282,85,True
272,93,False
269,87,False
296,83,False
302,96,True
308,90,True
306,70,True
272,75,False
271,93,False
290,82,False
272,95,False
271,80,False
269,86,False
287,82,True
312,85,True
304,66,True
290,86,False
277,102,False
269,83,False
275,99,False
306,69,True
271,91,False
307,88,True
289,90,False
295,81,False
286,90,True
270,88,False
291,89,True
273,98,False
273,68,False
272,82,False
270,89,False
311,74,True
289,88,False
271,90,False
305,95,True
297,89,False
271,88,False
292,83,True
308,91,True
290,85,False
299,86,False
276,68,False
311,80,True
311,73,True
272,76,False
272,71,False
277,97,False
291,81,False
270,77,False
284,143,True
311,89,True
293,87,True
306,93,True
292,91,True
292,89,False
308,92,True
271,78,False
269,85,False
308,74,True
299,102,True
301,98,True
293,83,False
309,75,True
310,71,True
312,81,True
297,88,False
299,84,False
285,85,True
309,72,True
271,94,False
271,84,False
292,82,False
285,87,True
273,96,False
309,80,True
309,81,True
296,84,False
300,84,False
300,86,False
288,90,True
294,90,False
313,84,True
309,88,True
273,67,False
288,83,True
299,63,True
286,86,True
270,79,False
287,86,False
286,88,True
292,90,False
298,83,False
285,86,True
293,85,True
296,101,True
296,87,False
287,84,True
298,85,False
300,101,True
311,86,True
287,88,True
271,70,False
270,80,False
295,90,False
293,86,True
288,86,False
290,80,True
313,79,True
293,90,False
271,79,False
286,85,True
310,88,True
308,89,True
269,80,False
303,63,True
297,87,False
303,96,True
270,73,False
303,97,True
309,84,True
276,97,False
303,94,True
308,86,True
313,80,True
300,63,True
285,88,True
305,92,True
293,89,False
287,83,True
296,88,False
296,90,False
304,93,True
296,89,False
289,81,True
306,66,True
306,96,True
273,92,False
288,88,True
293,84,False
301,97,True
310,81,True
286,89,True
294,88,True
290,87,False
296,82,False
270,81,False
310,75,True
309,77,True
270,84,False
312,82,True
292,84,True
274,72,False
311,87,True
287,87,True
304,64,True
289,83,False
310,72,True
301,99,True
310,68,True
280,102,False
288,91,True
310,79,True
307,91,True
288,81,True
308,85,True
276,95,False
305,67,True
296,83,False
295,91,False
272,77,False
309,73,True
298,62,True
312,78,True
301,63,True
288,92,True
286,90,True
309,86,True
291,89,True
268,78,False
297,85,False
270,87,False
272,90,False
297,86,False
295,88,False
286,83,True
285,85,True
283,87,True
288,82,True
292,87,True
284,140,True
268,82,False
310,80,True
285,84,True
303,95,True
291,87,False
279,103,False
309,85,True
292,144,True
269,90,False
294,85,True
291,85,False
285,87,True
282,140,True
292,88,True
286,84,True
297,90,False
310,87,True
309,71,True
285,143,False
284,86,True
309,76,True
277,98,False
269,91,False
285,86,True
292,81,False
286,86,True
272,89,False
308,88,True
305,68,True
293,87,True
310,90,True
273,94,False
286,85,True
270,92,False
271,83,False
268,89,False
269,89,False
273,70,False
304,96,True
309,90,True
305,93,True
307,95,True
308,77,True
295,60,True
271,73,False
296,57,True
307,93,True
297,88,False
299,59,True
310,67,True
287,89,True
293,86,True
300,64,True
313,83,True
303,61,True
309,83,True
313,87,True
298,59,True
275,97,False
286,141,False
307,77,True
272,70,False
309,78,True
273,71,False
268,77,False
312,79,True
308,87,True
304,97,True
272,78,False
298,86,False
298,87,False
290,84,False
294,91,False
285,82,True
300,98,True
295,82,False
270,75,False
274,94,False
290,86,False
298,88,False
296,85,False
287,85,False
309,87,True
273,91,False
295,89,False
269,92,False
274,67,False
288,90,True
268,81,False
288,83,True
271,95,False
287,84,True
269,77,False
310,83,True
294,87,False
269,74,False
296,84,False
272,96,False
273,72,False
301,86,False
272,73,False
302,65,True
275,63,False
302,100,True
292,91,True
279,101,False
270,96,False
283,86,True
297,82,False
271,81,False
272,85,False
309,79,True
295,61,True
301,96,True
297,61,True
271,89,False
306,74,True
302,95,True
308,75,True
283,88,True
287,83,True
312,77,True
270,72,False
311,78,True
271,86,False
307,87,True
268,86,False
307,72,True
276,100,False
314,79,True
274,69,False
286,90,True
292,83,True
291,84,False
270,82,False
294,86,False
285,85,True
298,89,False
295,86,False
298,81,False
272,97,False
272,94,False
311,75,True
307,86,True
282,101,False
272,72,False
300,144,True
267,86,False
274,98,False
286,85,True
297,84,False
271,94,False
295,90,False
269,78,False
286,86,True
270,78,False
295,80,False
308,94,True
304,67,True
270,85,False
297,87,False
278,64,False
270,86,False
291,86,False
291,89,True
272,83,False
295,85,False
311,77,True
306,91,True
275,65,False
305,66,True
297,83,False
269,81,False
285,86,True
275,101,False
307,73,True
289,80,True
303,66,True
288,82,True
293,86,True
308,70,True
268,76,False
307,89,True
291,81,False
288,88,True
295,101,True
276,99,False
301,62,True
293,87,True
274,99,False
273,65,False
287,82,True
289,81,True
295,81,False
299,85,False
279,64,False
267,82,False
308,76,True
310,76,True
302,98,True
300,99,True
278,102,False
310,78,True
308,93,True
296,61,True
269,82,False
292,86,True
297,85,False
270,83,False
282,104,False
306,90,True
307,71,True
289,89,False
274,95,False
277,67,False
295,103,True
306,68,True
272,68,False
271,76,False
309,82,True
300,62,True
270,91,False
273,66,False
297,86,False
307,68,True
291,90,True
274,66,False
296,83,False
295,87,False
298,61,True
285,87,True
271,96,False
292,89,False
268,85,False
288,83,True
290,85,False
289,83,False
271,71,False
286,89,True
286,84,True
296,88,False
272,98,False
285,84,True
268,80,False
270,90,False
292,92,True
302,94,True
294,82,False
281,102,False
274,70,False
271,74,False
280,103,False
286,85,True
308,74,True
267,84,False
310,92,True
294,60,True
308,84,True
292,87,True
292,90,False
270,74,False
282,98,False
296,81,False
272,91,False
305,69,True
270,76,False
275,67,False
308,81,True
287,81,True
305,91,True
287,88,True
308,86,True
304,94,True
309,74,True
312,89,True
286,90,True
310,77,True
295,100,True
309,70,True
291,80,False
308,73,True
308,72,True
294,103,True
305,96,True
277,68,False
286,86,True
287,89,True
276,101,False
307,90,True
287,83,True
294,61,True
311,70,True
271,85,False
296,89,False
274,100,False
301,65,True
307,64,True
288,81,True
293,86,True
288,82,True
269,94,False
308,68,True
271,91,False
297,88,False
303,65,True
296,62,True
274,97,False
289,88,False
286,82,True
302,63,True
292,142,True
267,87,False
307,92,True
278,100,False
286,83,True
294,91,False
270,93,False
298,101,True
309,75,True
302,97,True
300,100,True
306,70,True
290,86,False
293,87,True
308,78,True
285,86,True
298,99,True
290,87,False
309,91,True
307,76,True
284,81,True
308,79,True
289,82,False
292,141,True
305,70,True
285,89,True
307,75,True
311,82,True
273,97,False
286,88,True
267,80,False
287,141,False
302,64,True
307,88,True
275,64,False
306,73,True
295,89,False
296,82,False
303,64,True
282,83,True
308,71,True
271,92,False
291,85,False
269,96,False
299,62,True
306,71,True
310,82,True
268,74,False
286,140,False
295,91,False
272,92,False
286,85,True
268,83,False
273,68,False
288,83,True
302,62,True
306,95,True
284,85,True
291,89,True
298,63,True
280,101,False
273,69,False
272,69,False
285,90,True
299,98,True
271,68,False
287,82,True
295,59,True
276,65,False
292,82,True
277,66,False
298,85,False
296,90,False
308,85,True
276,66,False
295,92,False
285,85,True
279,62,False
298,86,False
305,92,True
269,84,False
291,88,True
279,100,False
279,63,False
269,93,False
275,69,False
275,98,False
297,87,False
288,82,True
269,86,False
269,76,False
269,87,False
274,65,False
295,82,False
269,83,False
298,87,False
309,80,True
273,93,False
289,86,False
272,74,False
296,84,False
303,93,True
286,89,True
296,80,False
299,64,True
306,94,True
289,81,True
293,86,True
296,86,False
287,89,True
308,82,True
286,86,True
303,99,True
308,90,True
308,64,True
286,84,True
308,80,True
306,89,True
275,68,False
275,70,False
284,90,True
294,92,False
282,86,True
288,80,True
268,90,False
268,87,False
295,83,False
289,87,False
307,74,True
277,65,False
286,90,True
306,72,True
275,66,False
304,93,True
295,84,False
299,61,True
287,83,True
302,96,True
269,73,False
270,81,False
281,104,False
307,78,True
289,79,True
304,92,True
293,81,True
309,89,True
284,91,True
308,65,True
268,91,False
269,79,False
284,61,False
304,95,True
291,90,True
306,92,True
299,101,True
284,83,True
293,91,False
306,67,True
300,97,True
276,64,False
304,66,True
307,82,True
300,102,True
295,88,False
307,81,True
296,85,False
286,85,True
295,90,False
292,86,True
288,81,True
288,82,True
303,68,True
310,84,True
288,83,True
284,86,True
297,89,False
296,91,False
268,75,False
309,81,True
306,93,True
287,88,True
289,80,True
303,95,True
308,87,True
296,88,False
273,80,False
297,103,True
310,86,True
293,87,True
305,94,True
269,85,False
311,85,True
285,81,True
294,91,False
270,84,False
286,89,True
297,85,False
280,62,False
286,83,True
309,69,True
274,71,False
271,87,False
307,87,True
297,88,False
276,67,False
311,81,True
291,141,True
287,89,True
297,86,False
287,82,True
304,69,True
290,85,False
288,142,False
268,79,False
270,80,False
291,88,True
274,68,False
295,102,True
276,96,False
292,83,False
271,77,False
288,82,True
298,100,True
271,73,False
297,87,False
285,84,True
291,143,True
298,88,False
287,81,True
287,60,False
296,89,False
272,88,False
270,71,False
286,84,True
295,85,False
293,88,False
293,86,True
292,82,True
293,82,False
285,83,True
292,87,True
285,59,False
291,144,True
293,83,False
296,99,True
291,85,False
289,91,False
281,64,False
287,80,True
288,81,True
282,63,False
301,95,True
269,75,False
302,99,True
303,94,True
272,84,False
299,99,True
290,103,True
278,65,False
287,83,True
301,100,True
295,89,False
287,86,False
293,92,False
290,91,False
290,86,False
293,91,False
289,81,True
297,100,True
297,101,True
294,90,False
286,81,True
290,80,True
286,82,True
287,84,True
286,61,False
271,75,False
318,135,True
313,113,True
283,87,True
281,63,False
296,102,True
280,101,True
288,102,True
293,104,True
273,89,False
293,100,True
271,94,True
287,102,True
293,102,True
269,86,True
268,87,True
287,105,True
287,89,False
292,91,False
308,85,False
285,87,False
283,87,True
287,88,False
297,86,True
293,87,False
312,133,True
288,82,False
293,86,False
287,89,False
286,90,False
292,92,False
286,87,False
288,83,False
288,81,False
295,82,True
287,82,False
286,89,False
286,88,False
269,83,True
297,85,True
286,84,False
308,74,False
291,81,True
288,82,False
284,90,False
