x,y,polarity
293,92,True
297,90,True
287,89,False
296,89,True
303,86,False
287,82,False
282,58,True
288,89,False
269,77,True
294,80,False
292,87,False
296,84,True
294,82,True
293,84,True
297,86,True
271,91,True
301,86,True
288,83,False
298,87,True
269,80,True
298,86,True
291,44,False
303,93,False
297,89,True
287,176,False
297,101,False
292,85,True
280,86,True
289,82,False
280,86,False
290,81,False
287,84,False
293,82,False
290,93,True
288,89,False
290,85,True
287,87,False
297,87,True
289,89,True
289,90,True
289,81,False
287,59,True
297,85,True
288,82,False
292,88,False
297,88,True
286,62,True
304,94,False
295,82,True
287,85,False
290,82,True
285,86,False
289,82,False
298,88,True
294,87,False
289,91,True
294,86,False
287,90,False
289,83,False
291,86,True
295,91,True
294,81,False
288,83,False
285,87,False
287,87,False
293,86,False
287,89,False
293,85,False
309,79,False
286,86,False
296,82,True
293,84,True
293,87,False
310,84,False
293,83,True
287,85,False
288,89,False
292,92,True
310,77,False
299,86,True
311,82,False
272,75,True
289,82,False
289,89,True
294,86,False
287,84,False
289,83,False
294,87,False
296,90,True
297,84,True
289,84,False
288,81,False
298,85,True
290,84,True
298,86,True
287,86,False
294,91,True
287,90,False
285,91,False
298,87,True
288,83,False
287,85,False
287,87,False
298,88,True
293,82,False
296,89,True
308,70,False
296,91,True
299,87,True
293,89,True
288,82,False
295,86,True
308,72,False
286,86,False
292,81,True
289,83,False
287,88,False
297,89,True
289,82,False
284,141,False
292,90,False
292,89,False
289,80,False
291,87,True
285,85,False
294,83,True
286,85,False
286,84,False
289,81,False
295,92,True
299,88,True
273,95,True
297,83,True
270,88,True
309,84,False
290,81,False
296,81,True
287,86,False
296,85,True
281,63,True
287,85,False
294,87,False
273,96,True
297,100,False
273,89,True
294,86,False
295,87,True
295,90,True
274,68,True
293,85,False
288,84,False
309,73,False
318,135,True
292,85,True
293,90,True
308,73,False
310,85,False
309,86,False
290,83,True
284,142,False
287,84,False
286,88,False
288,85,True
297,82,True
288,88,False
295,91,True
286,86,False
298,84,True
287,90,False
293,86,False
297,85,True
271,93,True
297,90,True
275,69,True
298,89,True
301,97,False
304,95,False
308,89,False
296,88,True
303,94,False
291,86,True
272,89,True
293,87,False
269,79,True
275,66,True
286,142,True
289,83,False
280,65,True
286,85,False
297,84,True
309,87,False
276,68,True
287,85,False
287,86,False
278,99,True
287,83,False
306,91,False
307,91,False
291,85,True
288,83,False
288,86,True
296,90,True
296,82,True
286,87,False
275,67,True
271,76,True
292,86,True
289,89,True
271,84,True
310,78,False
309,89,False
298,85,True
310,83,False
290,86,True
272,87,True
298,88,True
296,86,True
271,75,True
307,92,False
298,86,True
282,64,True
272,83,True
276,101,True
307,93,False
312,77,False
310,81,False
274,94,True
310,82,False
293,91,False
308,88,False
269,81,True
296,83,True
278,63,True
298,87,True
295,86,True
271,83,True
305,93,False
286,85,False
284,87,False
306,94,False
272,74,True
297,83,True
297,91,True
271,92,True
272,85,True
289,82,False
287,90,False
284,85,False
271,89,True
288,84,False
287,89,False
295,87,True
293,89,True
309,77,False
272,77,True
297,88,True
286,87,False
292,89,False
296,91,True
311,75,False
270,74,True
296,102,False
309,90,False
299,83,True
293,90,True
299,101,False
271,81,True
293,83,False
285,86,False
300,98,False
284,88,False
311,86,False
298,82,True
286,83,False
271,82,True
271,85,True
309,85,False
293,84,False
286,86,False
275,63,True
302,97,False
270,91,True
271,87,True
290,88,True
299,89,True
299,87,True
270,90,True
309,91,False
272,92,True
310,87,False
289,88,False
270,80,True
299,86,True
270,76,True
302,99,False
274,72,True
309,76,False
310,76,False
290,87,True
297,81,True
278,68,True
271,94,True
277,68,True
273,71,True
288,88,False
290,81,False
290,83,True
311,77,False
303,72,False
272,80,True
290,80,False
285,87,False
283,142,True
310,79,False
294,85,False
299,84,True
277,99,True
305,68,False
288,89,False
272,88,True
272,73,True
310,80,False
276,97,True
275,68,True
289,90,False
277,98,True
297,84,True
299,85,True
272,94,True
291,87,True
276,67,True
287,86,False
270,85,True
311,88,False
293,91,False
300,99,False
295,82,True
272,91,True
288,86,True
306,92,False
311,78,False
310,88,False
276,65,True
272,79,True
292,87,True
310,75,False
286,87,False
277,64,True
271,88,True
309,88,False
269,75,True
272,72,True
297,89,True
309,78,False
299,88,True
274,71,True
298,88,True
297,82,True
290,90,True
305,96,False
285,89,False
269,76,True
298,83,True
286,85,False
273,70,True
308,68,False
273,69,True
293,87,False
298,85,True
309,72,False
275,71,True
296,81,True
295,103,False
274,96,True
296,89,True
288,84,False
296,87,True
275,94,True
307,69,False
304,97,False
298,84,True
291,82,True
273,75,True
295,101,False
295,102,False
309,71,False
275,99,True
288,83,False
289,91,False
277,97,True
273,90,True
294,84,True
305,66,False
297,83,True
309,80,False
303,97,False
277,63,True
287,84,False
294,83,True
275,98,True
277,66,True
296,90,True
309,70,False
310,86,False
309,74,False
308,93,False
288,91,False
270,78,True
306,93,False
293,89,True
277,69,True
293,81,True
281,62,True
273,83,True
273,73,True
308,72,False
286,81,False
273,79,True
292,81,True
309,75,False
301,98,False
273,81,True
273,86,True
285,91,False
272,81,True
309,81,False
289,89,False
312,81,False
293,83,False
311,84,False
303,99,False
273,72,True
307,90,False
296,88,True
276,98,True
291,84,True
309,69,False
296,92,True
270,81,True
303,95,False
294,86,False
295,91,True
271,74,True
289,90,False
304,96,False
273,84,True
271,80,True
301,96,False
310,77,False
291,86,True
311,83,False
303,65,False
274,90,True
307,73,False
270,75,True
288,87,False
279,64,True
305,94,False
287,88,False
293,90,True
289,88,False
307,70,False
285,141,True
309,87,False
312,79,False
271,73,True
293,92,False
286,87,False
273,77,True
302,64,False
290,89,True
312,85,False
293,88,False
288,82,False
276,99,True
285,61,True
295,88,False
303,96,False
275,97,True
310,85,False
293,91,False
297,85,True
305,93,False
274,73,True
300,101,False
274,69,True
305,67,False
310,84,False
287,90,False
287,91,False
273,74,True
271,86,True
306,96,False
271,90,True
273,98,True
296,82,True
312,83,False
273,78,True
312,78,False
277,96,True
286,82,False
298,99,False
276,92,True
305,92,False
273,93,True
311,87,False
289,83,False
310,73,False
301,99,False
274,67,True
292,83,False
302,100,False
276,66,True
306,95,False
271,78,True
290,81,False
276,70,True
286,84,False
286,89,False
276,71,True
298,89,True
310,71,False
292,86,True
288,89,False
305,95,False
310,90,False
271,77,True
274,75,True
272,76,True
289,81,False
272,90,True
272,86,True
294,85,False
309,73,False
299,87,True
313,82,False
272,93,True
280,103,True
289,85,True
282,61,True
296,85,True
274,70,True
311,85,False
307,71,False
289,82,False
304,94,False
279,67,True
272,84,True
311,80,False
283,60,True
290,82,False
278,67,True
299,86,True
295,83,True
278,66,True
308,91,False
297,84,True
275,70,True
308,71,False
296,91,True
282,60,True
289,87,True
280,64,True
271,79,True
310,72,False
279,65,True
300,86,True
277,72,True
309,89,False
286,86,False
301,62,False
294,90,True
275,95,True
276,72,True
311,79,False
270,82,True
308,92,False
289,89,False
289,91,False
278,65,True
297,90,True
273,82,True
303,64,False
276,69,True
302,98,False
303,89,False
288,84,False
306,69,False
311,69,False
309,86,False
306,94,False
304,67,False
273,76,True
270,86,True
283,62,True
288,88,False
273,80,True
270,83,True
297,82,True
276,96,True
298,88,True
309,92,False
279,97,True
279,62,True
285,82,False
274,91,True
275,92,True
299,62,False
277,67,True
274,92,True
272,87,True
270,84,True
274,74,True
313,84,False
276,95,True
311,76,False
275,72,True
298,85,True
288,81,False
272,70,True
271,91,True
280,63,True
288,87,False
301,63,False
289,90,False
299,88,True
312,80,False
307,67,False
274,88,True
306,66,False
306,93,False
287,83,False
273,92,True
279,66,True
298,86,True
307,91,False
271,84,True
273,94,True
308,69,False
275,74,True
273,91,True
275,91,True
311,74,False
297,88,True
297,83,True
308,94,False
300,84,True
304,95,False
309,72,False
294,83,True
287,89,False
311,82,False
294,84,True
290,88,True
312,82,False
310,89,False
298,83,True
286,88,False
311,81,False
302,62,False
296,84,True
290,82,False
298,84,True
269,93,True
313,80,False
275,93,True
310,74,False
306,68,False
289,88,False
283,102,True
292,87,True
285,84,False
310,92,False
298,90,True
273,88,True
307,68,False
298,81,True
290,84,False
307,92,False
274,86,True
274,76,True
272,82,True
291,87,True
289,86,True
271,81,True
277,102,True
278,62,True
297,81,True
273,85,True
295,86,False
279,103,True
273,89,True
274,95,True
271,76,True
272,85,True
285,63,True
304,46,True
272,79,True
289,89,False
284,62,True
298,82,True
300,87,True
290,90,True
274,94,True
293,81,True
274,80,True
299,85,True
275,67,True
272,78,True
286,63,True
280,101,True
276,73,True
275,69,True
311,86,False
285,60,True
278,98,True
271,75,True
280,61,True
274,78,True
271,83,True
304,98,False
278,69,True
273,87,True
307,95,False
311,70,False
294,85,False
293,91,False
309,82,False
277,70,True
279,99,True
290,81,False
308,67,False
293,88,False
291,84,True
306,67,False
294,86,False
310,87,False
274,93,True
271,82,True
288,60,True
272,89,True
300,63,False
272,75,True
311,73,False
271,89,True
290,89,True
273,90,True
284,60,True
269,82,True
296,81,True
297,93,True
302,63,False
294,87,False
288,89,False
275,96,True
310,75,False
278,100,True
271,85,True
313,83,False
274,77,True
276,68,True
299,87,True
281,101,True
300,102,False
278,101,True
299,89,True
298,87,True
270,77,True
309,91,False
310,68,False
313,86,False
280,66,True
300,100,False
270,87,True
277,101,True
299,86,True
288,90,False
295,81,True
297,103,False
271,87,True
313,87,False
312,87,False
277,98,True
288,84,False
272,83,True
277,65,True
308,90,False
297,89,True
311,75,False
286,90,False
290,60,True
311,89,False
290,83,False
272,77,True
312,73,False
287,86,False
289,83,False
298,91,True
310,78,False
290,82,False
304,96,False
282,63,True
278,97,True
292,86,True
288,85,False
312,76,False
307,94,False
289,82,False
274,100,True
305,96,False
291,80,False
288,87,False
311,90,False
297,90,True
272,74,True
297,82,True
277,100,True
310,76,False
291,82,True
268,87,True
270,79,True
308,70,False
270,96,True
313,77,False
274,89,True
307,93,False
305,65,False
295,86,False
274,72,True
313,75,False
309,88,False
284,88,False
313,85,False
287,85,False
278,64,True
310,72,False
305,97,False
286,87,False
296,86,True
312,77,False
311,77,False
309,67,False
311,78,False
273,86,True
312,81,False
276,94,True
299,88,True
275,73,True
314,79,False
289,81,False
306,95,False
312,78,False
310,91,False
309,70,False
287,82,False
281,64,True
313,79,False
274,71,True
301,63,False
297,91,True
311,84,False
312,84,False
296,91,True
272,86,True
288,83,False
309,90,False
310,69,False
276,63,True
299,63,False
312,86,False
309,79,False
307,63,False
280,102,True
288,61,True
281,103,True
308,65,False
300,83,True
311,76,False
307,66,False
295,87,False
296,90,True
298,84,True
307,89,False
311,88,False
303,98,False
297,87,True
309,71,False
272,81,True
310,88,False
308,92,False
283,63,True
298,103,False
312,75,False
313,78,False
308,73,False
314,83,False
274,73,True
301,61,False
276,67,True
288,86,False
310,86,False
298,101,False
298,85,True
286,91,False
291,88,True
310,83,False
310,71,False
279,98,True
307,64,False
311,71,False
309,94,False
313,81,False
299,84,True
302,96,False
308,87,False
288,90,False
308,85,False
302,64,False
289,143,False
306,65,False
288,88,False
314,82,False
287,87,False
303,63,False
294,141,True
309,83,False
306,92,False
290,83,False
272,80,True
278,71,True
272,92,True
298,88,True
273,80,True
277,68,True
301,100,False
309,69,False
298,83,True
304,64,False
288,85,False
312,88,False
275,71,True
309,93,False
312,74,False
286,85,False
303,64,False
289,89,False
273,75,True
289,92,False
290,82,False
272,88,True
308,68,False
305,66,False
303,97,False
297,84,True
272,84,True
273,74,True
277,71,True
285,86,False
312,89,False
311,72,False
309,68,False
300,64,False
308,93,False
274,83,True
297,85,True
304,97,False
311,87,False
304,93,False
284,87,False
310,67,False
312,72,False
288,89,False
290,79,False
313,88,False
280,98,True
274,97,True
291,83,True
304,100,False
277,95,True
295,86,False
308,89,False
293,90,False
273,77,True
312,79,False
273,73,True
299,99,False
296,87,True
274,91,True
298,89,True
287,84,False
274,81,True
290,89,True
273,93,True
299,87,True
285,62,True
278,96,True
294,85,False
280,97,True
294,89,True
272,76,True
273,84,True
275,90,True
274,79,True
289,82,False
299,86,True
275,88,True
272,91,True
287,88,False
275,94,True
278,93,True
306,67,False
274,87,True
300,88,True
287,86,False
291,91,False
275,68,True
277,66,True
274,82,True
311,79,False
274,85,True
274,84,True
270,88,True
298,82,True
292,81,True
289,83,False
297,86,True
295,82,True
299,85,True
276,97,True
301,62,False
273,79,True
292,87,True
308,66,False
299,100,False
297,83,True
275,80,True
280,67,True
276,93,True
274,75,True
287,90,False
289,59,True
305,64,False
274,88,True
275,75,True
302,99,False
273,81,True
310,90,False
276,70,True
312,83,False
282,65,True
300,86,True
280,100,True
278,67,True
308,77,False
302,97,False
293,81,True
277,73,True
277,99,True
275,79,True
278,68,True
277,69,True
269,96,True
270,89,True
292,86,True
293,89,False
312,85,False
286,102,True
288,86,False
282,99,True
299,83,True
297,81,True
274,90,True
272,85,True
275,91,True
279,96,True
291,84,True
273,83,True
279,63,True
285,101,True
276,71,True
300,85,True
275,83,True
299,88,True
279,100,True
278,99,True
279,68,True
313,82,False
295,87,False
275,77,True
277,93,True
275,92,True
282,100,True
288,85,False
284,63,True
288,90,False
280,65,True
278,70,True
279,69,True
280,62,True
294,90,True
281,66,True
314,80,False
289,88,False
275,70,True
290,83,False
271,88,True
309,89,False
298,62,False
273,78,True
278,65,True
290,81,False
297,82,True
271,78,True
272,87,True
272,90,True
288,84,False
283,104,True
271,86,True
281,65,True
295,84,True
277,74,True
275,89,True
276,91,True
274,93,True
276,72,True
273,85,True
281,99,True
289,91,False
310,70,False
294,87,False
277,97,True
284,61,True
285,104,True
279,64,True
277,96,True
306,98,False
275,95,True
275,74,True
289,85,True
276,69,True
282,59,True
287,85,False
283,64,True
310,79,False
280,99,True
315,82,False
283,61,True
275,76,True
271,79,True
275,93,True
286,61,True
271,80,True
310,89,False
291,82,True
273,82,True
285,64,True
272,78,True
279,66,True
274,92,True
311,80,False
304,101,False
296,86,True
283,101,True
276,74,True
278,66,True
286,86,False
300,87,True
285,102,True
283,103,True
286,140,True
276,98,True
279,67,True
275,72,True
272,100,True
279,70,True
293,80,True
276,92,True
298,84,True
313,73,False
303,100,False
296,91,True
272,69,True
311,83,False
311,73,False
279,102,True
297,90,True
303,61,False
301,88,True
273,71,True
273,91,True
297,89,True
306,96,False
272,95,True
294,91,False
274,74,True
295,86,False
273,76,True
314,85,False
312,82,False
313,76,False
268,76,True
314,81,False
273,89,True
290,82,False
269,77,True
275,78,True
274,78,True
269,78,True
272,83,True
274,80,True
304,65,False
327,80,True
270,80,True
326,80,True
287,87,False
276,89,True
273,87,True
275,82,True
281,63,True
272,82,True
297,88,True
295,83,True
298,83,True
294,86,False
295,91,True
309,92,False
269,84,True
288,62,True
311,91,False
270,95,True
291,81,False
269,86,True
311,69,False
284,105,True
275,87,True
296,87,True
283,100,True
269,87,True
273,88,True
298,63,False
290,80,False
274,89,True
283,59,True
308,67,False
287,61,True
310,92,False
276,95,True
313,83,False
300,82,True
307,95,False
274,76,True
291,83,True
296,92,True
286,62,True
270,93,True
295,93,True
277,94,True
278,94,True
300,61,False
287,86,False
312,76,False
307,96,False
299,87,True
307,67,False
314,78,False
299,64,False
312,90,False
289,86,True
293,90,False
310,73,False
308,95,False
273,92,True
274,70,True
314,86,False
297,91,True
299,86,True
276,73,True
298,102,False
289,84,False
287,85,False
312,91,False
275,81,True
313,84,False
282,104,True
299,85,True
310,93,False
275,71,True
288,91,False
280,68,True
297,61,False
293,89,False
311,85,False
279,71,True
305,98,False
279,65,True
272,79,True
288,85,False
311,67,False
289,83,False
313,80,False
288,83,False
306,94,False
284,64,True
298,81,True
314,77,False
311,94,False
315,77,False
280,66,True
