x,y,polarity
318,135,True
318,135,False
302,63,True
283,101,False
283,103,False
297,88,False
299,132,True
318,135,True
294,92,True
288,88,True
287,88,True
289,86,False
293,81,False
285,88,True
296,87,False
289,88,True
291,84,False
295,85,False
287,87,True
277,72,False
293,88,False
293,80,False
290,91,True
287,91,False
295,84,False
291,83,False
294,85,True
294,90,False
298,85,False
293,87,False
287,86,True
289,84,True
299,86,False
304,68,True
295,86,True
287,84,True
287,85,True
294,82,False
297,87,False
289,89,True
285,88,True
299,85,False
293,90,True
299,84,False
299,88,False
288,86,True
298,84,False
299,89,False
294,83,True
299,87,False
292,87,False
289,87,False
298,83,False
295,87,True
297,82,False
299,83,False
275,95,False
296,87,False
291,84,False
298,81,False
291,83,False
277,94,False
289,84,True
297,90,False
300,87,False
289,86,False
287,88,True
287,85,True
294,84,True
287,87,True
300,86,False
298,88,False
288,90,True
288,86,True
298,90,False
289,83,True
290,83,True
313,83,True
296,82,False
287,86,True
290,92,True
294,85,True
295,87,True
288,85,True
290,91,True
300,88,False
293,91,True
291,81,True
299,86,False
293,90,True
288,87,True
296,89,True
313,80,True
293,89,True
303,64,True
299,88,False
289,88,True
298,85,False
290,84,True
315,79,True
295,82,True
313,74,True
288,86,True
311,75,True
299,82,False
294,81,False
298,89,False
272,82,False
296,88,False
286,91,True
300,89,False
294,88,True
290,82,True
292,86,False
272,79,False
306,96,True
290,83,True
288,90,True
274,93,False
295,87,True
298,84,False
311,89,True
295,88,True
299,87,False
297,91,False
272,78,False
288,91,True
296,92,False
273,87,False
289,84,True
298,83,False
271,77,False
277,96,False
295,86,True
294,91,False
287,89,True
295,83,False
274,88,False
288,84,True
273,92,False
292,87,False
272,77,False
311,76,True
275,74,False
277,68,False
273,88,False
289,89,True
287,86,True
312,84,True
294,83,True
299,89,False
288,85,True
289,83,True
291,90,False
274,78,False
275,72,False
276,91,False
294,89,False
286,86,True
288,87,True
273,81,False
273,79,False
313,76,True
276,73,False
274,85,False
274,80,False
274,84,False
279,66,False
297,82,False
287,88,True
294,90,False
273,85,False
279,67,False
272,83,False
300,85,False
280,100,False
273,76,False
274,72,False
274,91,False
288,86,True
276,97,False
271,86,False
273,83,False
294,87,True
288,89,True
292,84,False
289,87,False
290,84,True
279,100,False
304,97,True
272,85,False
295,85,False
312,81,True
293,91,True
297,81,False
297,83,False
291,88,False
290,90,False
307,94,True
272,90,False
273,77,False
286,87,True
290,83,True
304,98,True
288,90,True
286,91,True
298,82,False
295,87,True
297,90,False
277,97,False
297,89,False
293,85,False
313,84,True
271,78,False
276,95,False
290,91,True
305,97,True
272,86,False
309,71,True
276,92,False
289,82,True
280,99,False
290,82,True
293,89,True
299,86,False
297,85,False
307,93,True
294,86,True
315,78,True
312,83,True
299,85,False
311,90,True
299,87,False
299,88,False
313,72,True
294,92,True
289,89,True
295,88,True
288,85,True
288,91,True
274,92,False
289,90,True
271,79,False
314,84,True
290,89,False
310,92,True
300,86,False
307,95,True
311,86,True
299,90,False
273,93,False
311,88,True
275,94,False
312,71,True
272,87,False
294,84,False
290,81,True
287,90,True
311,92,True
295,91,False
300,87,False
278,96,False
297,91,False
294,85,True
283,100,False
312,80,True
273,72,False
280,68,False
277,69,False
303,65,True
288,87,True
273,84,False
292,88,False
277,100,False
310,71,True
295,86,True
281,101,False
296,87,False
309,91,True
311,87,True
280,66,False
296,91,False
285,88,False
277,67,False
288,83,True
275,70,False
277,98,False
299,84,False
275,83,False
275,84,False
298,84,False
298,86,False
274,87,False
301,63,True
289,92,True
311,85,True
278,94,False
279,98,False
290,83,True
298,89,False
298,90,False
290,84,True
273,75,False
272,88,False
274,71,False
298,85,False
298,83,False
276,98,False
274,74,False
297,84,False
276,75,False
278,65,False
287,86,True
312,82,True
272,84,False
288,90,True
315,77,True
293,82,False
289,83,True
312,85,True
292,86,False
305,95,True
289,89,True
275,92,False
293,81,False
275,77,False
276,72,False
286,85,True
280,67,False
310,72,True
293,92,True
274,75,False
289,90,True
277,99,False
279,99,False
275,75,False
278,100,False
276,70,False
296,92,False
297,86,False
292,87,False
290,82,True
311,81,True
274,76,False
286,91,True
310,74,True
280,101,False
297,92,False
273,80,False
276,100,False
288,85,True
305,66,True
291,84,False
302,64,True
271,80,False
286,87,True
271,81,False
298,91,False
288,88,True
275,96,False
273,74,False
273,90,False
271,76,False
305,65,True
293,91,True
275,90,False
312,76,True
288,86,True
312,79,True
288,89,True
296,82,False
303,98,True
273,91,False
299,83,False
285,103,False
271,88,False
292,85,False
305,96,True
288,91,True
274,94,False
311,72,True
303,101,True
287,85,True
310,90,True
271,83,False
288,84,True
299,87,False
280,64,False
272,80,False
272,91,False
279,102,False
280,98,False
291,81,True
273,78,False
276,69,False
297,83,False
294,87,True
274,70,False
309,95,True
308,68,True
312,74,True
311,83,True
308,69,True
275,80,False
314,78,True
297,88,False
291,87,False
299,86,False
295,84,False
312,86,True
309,69,True
293,86,False
307,69,True
285,63,False
311,84,True
271,89,False
294,91,False
277,95,False
289,89,True
311,82,True
271,82,False
283,62,False
309,72,True
306,67,True
313,73,True
289,90,True
285,88,False
300,88,False
274,73,False
271,74,False
305,64,True
313,82,True
296,81,False
297,90,False
314,80,True
312,90,True
293,88,True
294,84,False
310,69,True
291,83,False
297,82,False
271,87,False
273,95,False
296,88,False
309,92,True
295,92,False
290,82,True
277,66,False
306,94,True
297,85,False
311,79,True
305,98,True
310,88,True
311,80,True
271,84,False
286,88,True
311,75,True
295,86,True
286,87,True
299,88,False
288,85,True
310,73,True
274,89,False
274,81,False
278,68,False
290,83,True
306,97,True
271,85,False
298,88,False
310,89,True
299,85,False
305,94,True
274,97,False
276,71,False
299,89,False
287,84,True
289,82,True
288,87,True
272,73,False
303,99,True
312,77,True
270,79,False
272,89,False
290,91,True
290,81,True
315,82,True
298,89,False
272,81,False
271,90,False
297,89,False
290,90,False
314,76,True
276,74,False
288,90,True
306,99,True
302,98,True
308,91,True
275,79,False
308,92,True
278,67,False
276,94,False
312,78,True
273,73,False
275,73,False
270,85,False
307,96,True
273,71,False
311,74,True
306,65,True
275,68,False
293,84,True
270,88,False
304,65,True
276,93,False
281,66,False
275,93,False
277,96,False
273,86,False
289,89,True
273,89,False
315,80,True
311,77,True
308,94,True
287,86,True
285,93,False
280,102,False
275,97,False
278,97,False
300,90,False
274,95,False
309,70,True
296,91,False
274,79,False
275,71,False
273,88,False
284,103,False
299,87,False
307,66,True
312,84,True
278,66,False
297,91,False
296,86,False
275,89,False
288,84,True
309,71,True
297,84,False
271,79,False
288,89,True
311,76,True
272,79,False
304,66,True
277,71,False
284,88,True
270,84,False
308,93,True
312,87,True
307,93,True
302,100,True
289,90,True
292,87,False
313,87,True
310,70,True
286,87,True
290,82,True
288,88,True
288,91,True
289,83,True
285,92,True
293,90,False
306,96,True
280,65,False
298,86,False
310,91,True
304,99,True
271,75,False
309,87,True
286,90,True
314,85,True
289,92,True
278,99,False
300,102,True
313,85,True
276,67,False
310,76,True
271,77,False
281,63,False
298,85,False
297,83,False
311,73,True
295,103,True
291,88,False
298,84,False
308,71,True
308,66,True
295,90,False
301,99,True
277,65,False
272,92,False
311,78,True
311,71,True
305,63,True
310,86,True
282,62,False
289,81,True
314,87,True
311,91,True
286,85,True
289,85,False
296,92,False
310,75,True
285,87,True
277,101,False
288,83,True
293,88,True
272,74,False
309,68,True
309,90,True
287,90,True
279,64,False
293,144,True
309,89,True
314,86,True
306,96,False
287,83,True
312,73,True
292,91,False
288,85,True
294,89,False
312,75,True
274,77,False
313,78,True
270,80,False
284,61,False
275,98,False
308,86,True
284,88,True
277,68,False
272,76,False
286,86,True
310,68,True
292,86,False
278,101,False
278,98,False
298,87,False
298,90,False
272,82,False
297,92,False
286,143,False
292,90,True
293,83,True
287,86,True
284,64,False
297,90,False
298,83,False
286,140,False
288,84,True
294,82,True
298,92,False
308,70,True
279,69,False
295,83,False
313,75,True
272,77,False
284,140,False
294,86,True
275,67,False
293,84,True
296,90,False
290,82,True
288,86,False
286,91,False
294,83,False
274,68,False
291,81,True
275,69,False
283,61,False
273,82,False
272,87,False
296,93,False
298,89,False
286,87,True
287,85,True
312,72,True
309,67,True
314,77,True
273,76,False
309,65,True
305,101,True
290,80,True
299,88,False
289,82,True
308,96,True
290,81,True
275,95,False
307,68,True
282,64,False
309,88,True
297,89,False
294,87,True
299,86,False
279,70,False
278,70,False
291,86,False
286,85,True
294,90,False
295,92,False
305,97,True
313,80,True
308,67,True
292,88,False
273,85,False
311,89,True
314,71,True
296,91,False
283,64,False
287,84,True
