x,y,polarity
318,135,True
299,87,True
290,84,False
299,88,True
290,83,False
288,87,False
288,86,False
295,88,False
298,85,True
289,83,False
293,89,False
289,84,False
287,88,False
295,87,False
300,87,True
293,90,False
290,83,False
296,88,True
297,82,True
294,90,True
299,86,True
294,92,False
294,87,False
291,83,True
300,88,True
290,84,False
294,91,True
295,86,False
288,91,False
290,91,False
288,87,False
290,90,True
289,88,False
293,82,True
288,85,False
288,86,False
287,86,False
294,86,False
287,85,False
298,84,True
292,86,True
291,84,True
286,91,False
297,91,True
293,91,False
288,90,False
296,87,True
291,88,True
295,87,False
294,85,False
289,87,True
293,85,True
292,87,True
294,83,False
287,88,False
298,83,True
293,87,True
299,88,True
287,89,False
298,89,True
293,90,False
289,84,False
271,81,True
271,85,True
294,88,False
271,87,True
287,87,False
271,82,True
296,88,True
295,83,True
299,84,True
271,88,True
289,88,False
311,85,False
295,86,False
290,83,False
299,87,True
288,86,False
297,83,True
290,91,False
298,85,True
291,83,True
273,79,True
285,141,False
271,76,True
287,91,True
300,86,True
287,86,False
289,89,False
299,85,True
288,91,False
294,92,False
298,82,True
283,143,False
284,144,True
289,86,True
291,84,True
285,88,False
311,87,False
297,82,True
294,90,True
294,89,True
278,100,True
299,86,True
291,87,True
274,71,True
299,89,True
298,88,True
283,142,False
298,84,True
288,87,False
296,92,True
286,86,False
287,88,False
297,90,True
295,85,True
312,78,False
288,89,False
296,87,True
300,87,True
273,86,True
296,89,False
312,87,False
291,81,False
289,88,False
291,82,False
295,84,True
289,87,True
272,89,True
301,87,True
291,85,False
293,81,True
311,71,False
305,66,False
312,85,False
313,79,False
290,92,False
287,87,False
277,65,True
311,76,False
285,144,False
298,83,True
290,91,False
313,78,False
272,73,True
292,88,True
294,84,False
296,82,True
313,85,False
297,91,True
300,88,True
297,84,True
274,79,True
312,86,False
289,84,False
303,99,False
288,84,False
311,88,False
275,97,True
276,71,True
278,99,True
308,67,False
287,85,False
289,83,False
295,86,False
290,90,False
289,85,False
285,88,False
304,66,False
312,76,False
298,86,True
311,72,False
298,90,True
272,86,True
287,91,True
272,92,True
294,82,True
300,85,True
272,80,True
290,89,False
297,86,True
273,88,True
312,79,False
309,67,False
272,88,True
292,87,True
310,89,False
312,83,False
272,81,True
273,90,True
309,68,False
293,89,False
312,75,False
272,84,True
310,68,False
287,87,False
271,80,True
293,88,True
295,83,True
275,68,True
289,86,True
273,91,True
274,84,True
312,74,False
312,81,False
272,87,True
314,87,False
285,95,False
291,92,False
306,96,False
274,94,True
298,85,True
271,78,True
290,93,False
273,75,True
312,73,False
294,88,False
285,89,False
277,69,True
286,87,False
308,94,False
293,87,True
273,80,True
293,90,False
291,82,False
289,88,False
273,84,True
297,88,True
310,69,False
312,72,False
274,90,True
299,85,True
298,82,True
290,82,False
277,98,True
298,91,True
294,92,False
311,86,False
297,82,True
296,83,True
289,89,False
278,66,True
274,75,True
273,81,True
273,73,True
299,84,True
297,81,True
311,84,False
277,66,True
299,83,True
290,90,False
299,88,True
310,92,False
273,77,True
274,87,True
295,87,False
290,81,False
291,89,True
290,83,False
309,93,False
274,74,True
274,85,True
294,90,True
312,82,False
312,80,False
279,98,True
313,83,False
300,86,True
295,91,True
273,95,True
311,90,False
290,89,False
298,84,True
307,94,False
307,66,False
313,84,False
297,92,True
275,96,True
272,85,True
279,67,True
313,75,False
298,83,True
273,78,True
275,75,True
295,84,True
274,73,True
299,90,True
289,85,False
279,99,True
308,96,False
291,85,False
289,91,False
299,82,True
296,86,False
275,88,True
297,85,True
278,70,True
310,72,False
314,80,False
289,82,False
300,87,True
273,85,True
300,89,True
275,94,True
294,81,True
299,86,True
291,90,True
314,85,False
308,69,False
275,78,True
289,84,False
272,83,True
308,95,False
276,93,True
314,77,False
287,87,False
299,89,True
311,70,False
308,68,False
292,84,True
290,92,False
274,95,True
286,144,True
273,82,True
311,92,False
272,79,True
290,91,False
311,74,False
290,90,False
310,70,False
272,82,True
287,88,False
295,92,False
275,84,True
305,64,False
286,88,True
286,85,False
278,68,True
270,85,True
303,87,True
311,89,False
313,77,False
288,86,False
300,88,True
309,91,False
278,67,True
293,45,False
273,83,True
288,88,False
289,90,False
280,65,True
314,86,False
295,86,False
289,88,False
313,72,False
314,76,False
312,88,False
274,93,True
274,91,True
296,91,True
291,82,False
290,87,True
297,91,True
272,78,True
304,65,False
294,91,False
313,81,False
280,67,True
276,94,True
278,101,True
275,79,True
272,77,True
295,81,True
313,73,False
274,88,True
300,84,True
276,98,True
293,81,True
275,74,True
277,99,True
285,144,False
280,99,True
305,65,False
276,92,True
272,90,True
313,76,False
275,92,True
283,102,True
279,69,True
274,70,True
270,87,True
306,95,False
309,69,False
294,83,False
280,98,True
276,72,True
290,83,False
276,89,True
296,88,False
273,92,True
274,78,True
290,89,False
314,71,False
291,83,False
310,73,False
278,96,True
315,80,False
296,87,False
280,101,True
277,73,True
313,90,False
289,85,False
275,95,True
298,82,True
272,76,True
302,64,False
299,85,True
287,86,False
289,87,False
288,83,False
293,87,True
289,91,False
298,85,True
273,93,True
306,65,False
298,87,True
289,89,False
315,77,False
277,70,True
299,83,True
289,92,False
312,77,False
276,91,True
275,70,True
294,92,False
307,67,False
272,91,True
281,101,True
276,69,True
273,76,True
292,82,True
280,102,True
312,71,False
291,91,False
307,63,False
312,90,False
273,87,True
297,88,True
282,62,True
307,99,False
273,74,True
278,94,True
291,84,False
298,90,True
277,97,True
299,84,True
288,89,False
275,90,True
277,95,True
271,79,True
291,81,False
297,82,True
290,82,False
271,86,True
291,89,True
293,88,True
311,82,False
314,84,False
276,95,True
312,84,False
277,101,True
274,89,True
280,97,True
276,96,True
280,66,True
291,90,True
311,72,False
311,67,False
279,66,True
290,88,False
296,86,False
298,91,True
307,95,False
308,91,False
290,84,False
278,97,True
313,71,False
280,100,True
314,83,False
274,92,True
275,72,True
300,86,True
274,77,True
277,93,True
313,86,False
279,97,True
275,77,True
272,75,True
314,88,False
295,84,True
310,71,False
288,90,False
313,82,False
273,89,True
274,86,True
297,87,True
292,92,False
304,64,False
275,89,True
279,65,True
300,85,True
289,90,False
274,76,True
289,86,False
313,80,False
291,82,False
307,97,False
291,83,False
288,88,False
298,83,True
298,81,True
303,61,False
313,74,False
294,89,False
308,66,False
312,87,False
274,80,True
295,90,True
307,98,False
292,83,True
313,85,False
309,67,False
300,87,True
301,88,True
309,94,False
282,104,True
289,85,False
304,63,False
283,62,True
296,87,False
303,63,False
295,91,True
314,79,False
292,87,True
305,96,False
305,99,False
278,69,True
275,87,True
288,86,False
291,92,False
295,87,False
315,82,False
287,91,False
311,73,False
301,62,False
289,87,False
310,91,False
315,76,False
281,103,True
309,66,False
274,82,True
292,88,True
303,64,False
289,91,False
278,95,True
309,68,False
292,84,True
311,68,False
299,87,True
275,91,True
303,101,False
304,100,False
275,81,True
276,90,True
313,78,False
277,68,True
313,75,False
314,80,False
273,79,True
314,82,False
299,58,False
312,75,False
289,88,False
312,89,False
297,86,True
301,87,True
312,86,False
313,87,False
309,65,False
277,94,True
276,75,True
313,79,False
295,86,False
275,82,True
300,88,True
301,86,True
305,97,False
271,83,True
289,84,False
273,86,True
296,85,True
294,82,True
274,81,True
311,70,False
311,69,False
294,93,False
314,72,False
314,81,False
278,98,True
315,85,False
293,93,False
278,65,True
311,71,False
287,81,False
293,82,True
291,91,False
287,103,True
288,85,False
289,83,False
289,86,False
274,97,True
295,92,False
276,73,True
290,83,False
279,70,True
282,64,True
315,81,False
276,97,True
287,87,False
297,81,True
295,85,False
307,65,False
305,63,False
311,91,False
305,64,False
294,81,True
314,78,False
290,87,True
301,63,False
313,69,False
311,75,False
283,104,True
315,78,False
312,69,False
298,82,True
298,92,True
294,90,False
299,85,True
306,66,False
276,70,True
277,67,True
298,61,False
290,86,True
314,75,False
291,83,False
275,71,True
274,83,True
289,93,False
315,75,False
271,84,True
288,84,False
274,87,True
303,65,False
304,98,False
295,89,True
273,90,True
315,86,False
312,90,False
277,92,True
277,72,True
289,90,False
293,87,True
281,99,True
308,67,False
275,76,True
299,83,True
296,84,True
307,69,False
291,84,False
289,85,False
312,72,False
308,97,False
313,88,False
315,72,False
299,84,True
286,62,True
312,92,False
299,82,True
308,63,False
293,86,True
294,91,False
312,91,False
275,86,True
280,64,True
288,88,False
296,82,True
274,90,True
281,67,True
310,67,False
314,85,False
282,99,True
278,71,True
303,100,False
300,89,True
273,80,True
316,72,False
306,99,False
279,94,True
274,72,True
298,88,True
312,73,False
312,74,False
300,62,False
309,95,False
273,84,True
290,84,False
308,93,False
309,97,False
306,97,False
298,91,True
301,85,True
304,99,False
298,90,True
314,90,False
314,84,False
290,88,False
281,97,True
275,85,True
310,94,False
296,83,True
279,101,True
315,83,False
273,72,True
298,84,True
300,86,True
297,87,True
297,88,True
273,78,True
272,81,True
290,91,False
276,86,True
273,81,True
300,83,True
314,73,False
290,92,False
275,93,True
310,65,False
279,95,True
275,80,True
305,98,False
288,85,False
273,88,True
316,82,False
290,89,False
291,82,False
289,81,False
298,85,True
284,61,True
282,98,True
300,85,True
287,140,True
276,84,True
310,93,False
283,101,True
275,83,True
314,76,False
313,84,False
288,87,False
312,70,False
292,83,True
271,99,True
289,89,False
313,91,False
300,84,True
280,68,True
279,100,True
308,95,False
316,80,False
281,100,True
274,75,True
296,81,True
288,86,False
277,96,True
289,86,False
297,91,True
314,74,False
275,73,True
276,71,True
281,102,True
281,65,True
285,88,False
299,91,True
294,89,False
283,65,True
279,96,True
296,86,False
279,98,True
276,79,True
297,90,True
299,61,False
276,76,True
302,62,False
311,66,False
292,144,True
295,90,True
283,66,True
310,69,False
291,91,False
276,83,True
309,93,False
285,101,True
300,87,True
281,68,True
282,100,True
277,71,True
277,91,True
314,89,False
285,61,True
308,94,False
309,92,False
285,102,True
312,67,False
274,79,True
275,90,True
277,100,True
275,88,True
314,86,False
282,102,True
276,78,True
291,87,True
278,72,True
290,83,False
274,84,True
276,93,True
311,93,False
284,103,True
276,92,True
293,92,False
289,90,False
303,62,False
273,77,True
313,73,False
286,88,False
286,104,True
286,102,True
274,74,True
287,92,False
293,142,True
287,91,False
299,86,True
296,92,False
316,83,False
276,74,True
314,77,False
302,86,True
274,96,True
285,103,True
279,68,True
300,88,True
273,82,True
276,81,True
278,93,True
292,81,False
304,102,False
295,81,True
292,85,False
276,94,True
276,80,True
315,87,False
273,91,True
310,68,False
289,91,False
311,95,False
315,84,False
301,83,True
273,85,True
313,89,False
276,77,True
307,96,False
316,77,False
272,86,True
299,83,True
299,88,True
317,80,False
278,73,True
283,99,True
310,66,False
310,90,False
301,89,True
290,82,False
279,67,True
304,62,False
299,81,True
277,64,True
298,86,True
316,75,False
284,100,True
313,70,False
274,91,True
276,88,True
295,85,False
283,103,True
290,84,False
301,87,True
275,78,True
275,75,True
299,85,True
277,88,True
298,82,True
293,87,True
282,63,True
316,86,False
314,79,False
277,78,True
300,91,True
295,88,False
278,67,True
297,89,False
275,84,True
299,90,True
276,87,True
314,91,False
314,87,False
316,78,False
277,75,True
274,88,True
275,77,True
277,69,True
278,99,True
296,91,True
301,88,True
277,77,True
275,92,True
267,135,True
297,83,True
274,78,True
283,100,True
315,79,False
292,91,False
310,92,False
314,83,False
290,86,True
291,83,False
315,89,False
305,62,False
299,102,False
312,85,False
302,84,True
291,92,False
295,83,False
277,90,True
277,89,True
299,84,True
288,87,False
302,61,False
275,89,True
273,87,True
279,99,True
306,98,False
292,82,False
294,81,True
277,85,True
301,86,True
290,88,False
277,74,True
275,69,True
290,91,False
299,82,True
289,88,False
274,85,True
274,76,True
313,66,False
277,95,True
291,88,False
306,64,False
311,67,False
313,83,False
295,89,True
295,84,False
280,65,True
313,72,False
286,87,False
314,69,False
308,65,False
288,85,False
313,74,False
298,81,True
277,94,True
277,81,True
278,96,True
311,92,False
294,87,True
274,82,True
280,69,True
293,88,True
313,67,False
284,101,True
297,82,True
295,91,False
295,87,False
282,65,True
291,90,False
295,92,False
281,98,True
299,89,True
279,93,True
275,82,True
300,61,False
274,73,True
285,81,False
274,86,True
281,104,True
313,68,False
279,71,True
314,70,False
315,77,False
291,82,False
276,85,True
312,93,False
306,63,False
280,96,True
275,74,True
292,92,False
279,102,True
274,68,True
309,96,False
278,68,True
276,89,True
278,70,True
300,86,True
307,64,False
275,79,True
276,68,True
314,68,False
309,64,False
278,92,True
315,80,False
290,89,False
274,81,True
276,82,True
287,102,True
308,98,False
298,91,True
313,86,False
277,73,True
272,80,True
280,70,True
285,143,False
300,85,True
296,84,True
280,95,True
315,82,False
291,91,False
308,96,False
311,88,False
273,83,True
280,67,True
280,97,True
279,97,True
316,87,False
298,88,True
311,65,False
274,89,True
280,98,True
288,87,False
316,84,False
300,82,True
314,81,False
276,75,True
277,70,True
294,84,False
281,66,True
311,96,False
316,79,False
280,66,True
287,85,False
277,93,True
307,101,False
287,89,False
317,83,False
278,91,True
312,78,False
296,83,True
291,89,False
315,85,False
286,103,True
295,90,True
272,96,True
284,104,True
313,87,False
274,80,True
282,66,True
313,90,False
317,75,False
280,99,True
312,70,False
305,101,False
303,61,False
296,87,False
276,91,True
295,93,False
276,72,True
313,71,False
300,90,True
297,87,True
286,100,True
287,62,True
272,89,True
315,88,False
315,81,False
279,69,True
279,72,True
297,85,True
298,90,True
277,76,True
292,91,False
276,95,True
290,91,False
299,83,True
296,90,True
275,81,True
274,83,True
307,93,False
275,87,True
279,64,True
316,81,False
280,94,True
277,87,True
275,94,True
308,64,False
292,89,True
310,95,False
300,84,True
277,80,True
314,88,False
272,84,True
310,96,False
313,93,False
305,61,False
301,85,True
298,83,True
281,96,True
282,67,True
281,64,True
292,82,False
316,85,False
291,90,False
290,90,False
281,69,True
275,86,True
298,87,True
314,72,False
312,69,False
316,73,False
292,90,True
314,71,False
275,91,True
290,88,False
316,76,False
301,60,False
314,73,False
286,88,False
280,63,True
300,83,True
315,76,False
315,75,False
315,74,False
291,103,True
295,91,False
280,71,True
310,97,False
315,78,False
315,86,False
289,86,False
309,66,False
274,77,True
315,84,False
296,86,False
312,68,False
290,84,False
293,141,True
311,68,False
315,83,False
278,94,True
304,61,False
291,83,False
285,104,True
286,105,True
281,101,True
315,73,False
293,87,True
295,81,True
313,77,False
299,85,True
276,86,True
275,80,True
276,90,True
294,92,False
315,71,False
311,94,False
317,81,False
300,88,True
288,88,False
301,61,False
278,90,True
301,87,True
297,88,False
278,97,True
314,75,False
290,85,False
306,96,False
317,79,False
277,92,True
313,91,False
297,86,False
291,88,False
301,86,True
293,84,True
311,64,False
307,66,False
313,92,False
299,84,True
277,97,True
275,88,True
301,84,True
288,102,True
311,81,False
297,84,True
291,87,True
309,65,False
273,75,True
282,97,True
312,71,False
316,82,False
278,88,True
276,73,True
291,89,False
288,141,True
311,69,False
297,81,True
288,89,False
299,82,True
317,82,False
312,95,False
292,81,False
298,82,True
277,79,True
290,87,False
271,74,True
302,143,True
292,87,True
296,85,False
287,87,False
287,84,False
300,89,True
278,95,True
294,87,True
318,83,False
284,65,True
282,68,True
279,70,True
287,86,False
274,87,True
312,76,False
289,84,False
276,79,True
278,74,True
289,90,False
291,81,False
286,63,True
282,101,True
293,140,True
293,91,False
299,90,True
315,70,False
302,63,False
314,93,False
294,81,True
277,82,True
271,77,True
317,74,False
305,63,False
313,69,False
281,99,True
281,67,True
272,87,True
301,88,True
300,87,True
283,97,True
273,94,True
284,99,True
304,60,False
300,60,False
305,99,False
312,65,False
295,88,False
292,83,False
307,97,False
316,74,False
289,89,False
311,90,False
290,89,False
317,78,False
284,102,True
316,78,False
299,91,True
316,90,False
310,70,False
291,143,False
291,92,False
311,91,False
279,73,True
298,62,False
317,77,False
296,92,False
304,62,False
291,82,False
314,66,False
283,63,True
279,89,True
316,77,False
275,85,True
312,92,False
312,66,False
314,90,False
317,84,False
277,86,True
277,83,True
313,85,False
289,88,False
313,76,False
316,80,False
279,92,True
300,85,True
308,99,False
280,92,True
307,63,False
292,82,False
278,87,True
281,97,True
287,142,True
294,88,True
313,65,False
314,89,False
289,85,False
318,76,False
315,90,False
317,72,False
290,83,False
275,76,True
309,63,False
296,84,True
309,95,False
293,92,False
315,92,False
295,92,False
290,92,False
299,81,True
315,87,False
303,60,False
291,86,True
283,102,True
298,81,True
298,91,True
282,99,True
295,91,False
290,85,False
310,66,False
277,91,True
276,76,True
291,91,False
313,88,False
290,90,False
276,84,True
275,83,True
308,66,False
293,86,True
293,82,True
302,88,True
314,82,False
313,70,False
309,69,False
302,87,True
314,74,False
318,80,False
297,87,False
281,70,True
277,84,True
295,80,True
287,90,False
278,82,True
277,72,True
276,77,True
274,92,True
310,67,False
312,94,False
288,87,False
300,86,True
297,91,True
315,68,False
311,93,False
290,91,False
298,85,True
316,71,False
314,92,False
278,85,True
312,67,False
279,75,True
290,86,False
310,94,False
291,102,True
278,86,True
317,76,False
300,84,True
277,98,True
297,86,False
316,83,False
306,62,False
282,96,True
294,86,True
279,94,True
276,78,True
295,81,True
311,95,False
317,88,False
278,76,True
276,80,True
276,83,True
295,82,True
278,71,True
283,67,True
288,104,True
305,95,False
299,88,True
294,80,True
314,88,False
301,85,True
311,66,False
292,83,False
276,85,True
312,93,False
314,85,False
317,73,False
273,86,True
302,99,False
276,88,True
293,83,True
276,81,True
314,67,False
278,69,True
276,87,True
286,101,True
293,85,False
289,86,False
306,61,False
277,88,True
275,90,True
271,92,True
285,62,True
277,71,True
313,89,False
301,86,True
279,95,True
301,87,True
296,85,False
299,83,True
312,68,False
302,85,True
280,93,True
276,92,True
288,92,False
263,131,True
308,62,False
308,97,False
293,102,True
284,62,True
282,70,True
288,101,True
315,88,False
278,72,True
282,100,True
307,96,False
289,91,False
288,86,False
291,83,False
305,60,False
275,79,True
282,98,True
288,91,False
317,86,False
297,59,False
300,101,False
278,77,True
278,73,True
287,141,True
301,90,True
302,86,True
300,83,True
292,92,False
277,90,True
288,103,True
290,87,False
275,77,True
276,74,True
281,95,True
292,89,True
279,96,True
317,85,False
315,69,False
279,68,True
276,89,True
310,65,False
283,98,True
289,101,True
305,100,False
316,73,False
290,88,False
281,98,True
277,89,True
287,101,True
296,86,False
299,82,True
279,66,True
270,92,True
278,89,True
310,93,False
290,85,False
311,63,False
307,61,False
299,80,True
301,80,True
316,75,False
293,84,True
278,100,True
300,82,True
307,65,False
294,85,False
280,100,True
298,86,True
290,90,False
298,80,True
295,103,True
316,87,False
295,41,True
313,73,False
264,127,True
289,87,False
296,81,True
306,64,False
290,103,True
272,85,True
282,69,True
305,65,False
281,72,True
294,87,True
313,68,False
293,91,False
301,82,True
300,81,True
275,84,True
280,68,True
287,103,True
315,74,False
294,91,False
315,79,False
285,100,True
291,88,False
315,72,False
307,62,False
285,101,True
316,79,False
304,101,False
293,87,True
278,92,True
274,90,True
307,98,False
301,89,True
285,139,True
278,93,True
264,136,True
278,75,True
302,142,True
280,73,True
275,75,True
298,87,True
274,93,True
299,85,True
316,70,False
276,82,True
292,82,False
312,91,False
297,60,False
276,93,True
289,103,True
302,60,False
308,65,False
297,82,True
279,88,True
277,75,True
300,88,True
275,78,True
313,94,False
317,80,False
298,92,True
290,84,False
299,90,True
274,94,True
301,88,True
316,84,False
296,90,True
280,96,True
316,86,False
288,90,False
304,63,False
314,69,False
278,84,True
288,105,True
279,74,True
277,78,True
302,59,False
290,86,False
288,84,False
281,100,True
294,81,True
289,85,False
306,63,False
277,80,True
277,77,True
276,100,True
277,94,True
277,81,True
318,135,False
284,100,True
300,85,True
281,63,True
295,90,False
291,84,False
285,99,True
306,100,False
318,77,False
272,94,True
311,67,False
278,70,True
293,103,True
292,86,True
284,64,True
299,84,True
291,89,False
287,104,True
279,69,True
317,75,False
279,91,True
292,104,True
277,93,True
295,89,False
301,83,True
309,98,False
279,93,True
286,99,True
278,91,True
299,81,True
274,84,True
318,81,False
275,82,True
318,82,False
284,101,True
300,84,True
281,68,True
316,88,False
295,83,False
309,64,False
297,86,False
310,95,False
284,105,True
288,62,True
278,98,True
318,75,False
309,94,False
275,89,True
296,91,False
279,90,True
292,91,False
277,76,True
281,94,True
283,64,True
277,85,True
305,62,False
280,69,True
296,92,False
283,65,True
309,61,False
280,72,True
301,84,True
310,98,False
316,81,False
282,66,True
307,100,False
284,66,True
279,67,True
315,85,False
279,79,True
286,144,False
295,81,True
273,96,True
316,85,False
276,75,True
294,82,True
291,86,True
316,89,False
278,79,True
316,72,False
297,87,False
293,83,True
289,86,False
299,91,True
314,87,False
318,85,False
288,85,False
317,81,False
271,93,True
314,71,False
314,78,False
286,102,True
298,81,True
279,71,True
281,71,True
289,88,False
303,59,False
283,100,True
301,86,True
313,67,False
277,74,True
308,63,False
303,102,False
298,91,True
282,95,True
296,87,False
281,73,True
277,73,True
289,87,False
315,86,False
314,91,False
289,83,False
319,80,False
311,70,False
291,91,False
301,87,True
294,92,False
283,101,True
295,87,True
302,83,True
318,79,False
310,64,False
301,59,False
280,75,True
314,70,False
307,64,False
317,83,False
277,82,True
301,85,True
303,86,True
280,70,True
278,87,True
292,81,False
296,85,False
302,87,True
272,88,True
277,86,True
275,81,True
283,99,True
287,88,False
296,80,True
278,78,True
292,90,False
280,97,True
306,99,False
274,79,True
318,73,False
283,96,True
273,89,True
299,87,True
282,64,True
290,90,False
278,80,True
297,80,True
319,81,False
278,83,True
289,104,True
279,98,True
311,65,False
287,61,True
290,85,False
278,81,True
278,66,True
300,83,True
289,85,False
287,106,True
293,91,False
298,82,True
313,66,False
299,82,True
274,86,True
279,87,True
313,64,False
317,74,False
296,89,True
295,91,False
315,73,False
291,88,False
297,83,True
289,84,False
309,97,False
280,94,True
299,60,False
312,90,False
279,84,True
299,89,True
293,88,True
282,108,True
297,90,True
288,87,False
299,86,True
271,85,True
317,82,False
284,67,True
291,85,True
280,71,True
276,86,True
268,136,True
315,71,False
317,71,False
287,100,True
294,87,True
285,65,True
300,82,True
280,98,True
299,88,True
299,144,False
318,84,False
278,88,True
308,98,False
295,92,False
293,94,False
292,88,False
319,78,False
313,71,False
300,90,True
298,90,True
316,67,False
310,63,False
273,99,True
298,59,False
296,84,False
291,101,True
280,91,True
291,82,False
291,81,False
284,98,True
314,72,False
280,95,True
281,96,True
279,65,True
277,92,True
273,76,True
318,86,False
297,84,True
318,87,False
292,83,False
311,94,False
290,82,False
317,84,False
317,79,False
317,69,False
270,94,True
278,94,True
316,82,False
304,61,False
279,94,True
290,89,False
313,92,False
317,77,False
278,95,True
302,86,True
279,72,True
317,87,False
312,88,False
277,95,True
312,72,False
294,86,True
284,96,True
277,87,True
294,89,False
302,85,True
285,66,True
277,90,True
315,70,False
285,98,True
300,61,False
314,86,False
277,79,True
274,99,True
308,64,False
281,66,True
296,81,True
279,77,True
289,86,False
313,81,False
289,87,False
296,91,False
318,78,False
278,90,True
280,101,True
275,87,True
296,90,True
308,96,False
290,81,False
283,143,False
293,92,False
300,84,True
295,80,True
314,80,False
294,91,False
302,101,False
299,81,True
297,85,False
282,67,True
285,87,False
300,89,True
295,104,True
289,105,True
301,81,True
284,70,True
292,87,True
309,63,False
301,88,True
285,105,True
298,60,False
315,89,False
299,90,True
312,96,False
281,69,True
319,77,False
312,64,False
279,81,True
314,84,False
317,70,False
292,91,False
317,56,True
277,83,True
302,88,True
309,99,False
290,88,False
281,97,True
294,84,True
276,91,True
279,78,True
303,85,True
291,84,False
282,65,True
285,97,True
300,86,True
297,86,False
312,66,False
295,81,True
302,102,False
316,76,False
282,68,True
289,102,True
291,87,False
306,65,False
315,88,False
318,74,False
309,100,False
298,58,False
305,59,False
271,130,True
283,66,True
292,90,False
279,76,True
308,71,False
287,91,False
284,63,True
285,64,True
302,100,False
288,86,False
278,74,True
314,76,False
277,88,True
279,86,True
301,85,True
286,65,True
319,74,False
298,84,True
279,89,True
318,80,False
301,84,True
284,97,True
282,97,True
276,79,True
277,91,True
277,84,True
298,87,True
279,92,True
279,73,True
316,69,False
293,90,True
291,89,False
290,90,False
304,97,False
288,100,True
318,135,True
292,88,False
282,71,True
276,84,True
319,85,False
319,83,False
307,99,False
303,99,False
296,83,False
281,65,True
314,68,False
274,81,True
314,77,False
302,90,True
301,86,True
281,92,True
309,96,False
318,71,False
315,76,False
302,84,True
317,85,False
291,86,True
313,95,False
306,60,False
284,68,True
276,77,True
274,98,True
317,72,False
317,73,False
280,92,True
311,66,False
310,96,False
297,81,True
295,85,False
280,87,True
318,83,False
320,77,False
301,83,True
319,75,False
300,88,True
299,85,True
285,143,True
293,91,False
276,83,True
301,87,True
300,85,True
291,83,False
266,131,True
282,94,True
292,89,False
310,97,False
300,83,True
319,84,False
296,46,True
288,102,True
280,89,True
314,67,False
279,70,True
302,87,True
276,94,True
294,102,True
271,95,True
295,87,True
284,99,True
279,82,True
285,102,True
313,93,False
315,91,False
313,91,False
278,64,True
293,89,True
279,83,True
288,99,True
297,85,False
278,89,True
317,78,False
275,85,True
294,81,True
308,101,False
300,82,True
267,132,True
281,95,True
278,96,True
290,101,True
300,91,True
291,88,False
315,80,False
277,77,True
283,69,True
283,95,True
269,133,True
300,81,True
300,59,False
315,90,False
291,104,True
314,66,False
319,79,False
289,87,False
275,96,True
297,83,True
277,89,True
308,62,False
297,84,True
317,86,False
307,62,False
300,87,True
278,82,True
287,63,True
311,97,False
315,66,False
311,64,False
268,137,True
287,87,False
283,68,True
315,67,False
288,91,False
281,93,True
287,138,True
312,65,False
318,72,False
276,85,True
280,67,True
276,80,True
301,82,True
319,86,False
278,76,True
302,81,True
319,76,False
279,85,True
280,90,True
292,92,False
317,76,False
315,69,False
305,61,False
309,62,False
292,91,False
275,95,True
292,82,False
310,62,False
299,92,True
279,80,True
315,94,False
292,103,True
296,86,False
287,143,True
311,71,False
296,89,True
302,86,True
287,64,True
276,76,True
298,81,True
281,91,True
296,91,False
282,96,True
291,87,False
283,67,True
278,86,True
287,102,True
286,61,True
280,93,True
300,90,True
291,84,False
299,44,True
316,70,False
294,87,True
281,70,True
318,77,False
314,69,False
278,77,True
300,84,True
280,78,True
299,57,False
279,91,True
311,62,False
318,76,False
316,87,False
276,78,True
307,60,False
316,77,False
274,85,True
292,148,True
316,71,False
281,67,True
296,81,True
286,101,True
278,71,True
293,81,False
280,66,True
278,75,True
307,63,False
302,85,True
282,93,True
302,61,False
285,99,True
277,85,True
289,85,False
313,65,False
290,83,False
344,118,False
285,95,True
269,94,True
299,83,True
277,75,True
317,89,False
277,80,True
299,81,True
318,75,False
316,74,False
312,67,False
279,71,True
312,63,False
312,95,False
319,73,False
290,86,False
293,82,False
300,80,True
291,90,False
284,103,True
311,98,False
277,81,True
271,96,True
279,75,True
296,88,False
291,91,False
318,81,False
286,98,True
276,90,True
296,80,True
301,85,True
276,81,True
302,89,True
285,63,True
299,91,True
267,98,False
284,95,True
319,82,False
275,73,True
290,85,False
306,62,False
288,64,True
309,60,False
296,93,False
290,87,False
285,100,True
297,86,False
293,88,True
285,65,True
319,72,False
314,93,False
274,75,True
297,85,False
286,100,True
290,102,True
294,91,False
291,89,False
296,92,False
289,88,False
301,84,True
299,82,True
276,88,True
293,84,False
275,72,True
301,88,True
320,79,False
306,101,False
298,82,True
309,65,False
298,88,False
287,99,True
320,83,False
297,58,False
282,92,True
313,72,False
286,139,True
294,80,True
318,85,False
318,68,False
292,88,False
292,81,False
310,99,False
285,68,True
278,85,True
299,90,True
275,86,True
295,81,True
283,94,True
280,77,True
317,68,False
317,87,False
314,65,False
283,98,True
301,89,True
293,87,True
315,68,False
321,78,False
318,89,False
283,70,True
299,87,True
278,92,True
283,97,True
271,94,True
277,96,True
296,85,False
303,87,True
316,90,False
316,68,False
295,82,True
294,83,True
288,88,False
312,97,False
290,91,False
302,87,True
303,89,True
302,82,True
316,73,False
314,64,False
321,77,False
280,81,True
278,83,True
278,72,True
291,85,False
276,82,True
275,93,True
281,94,True
318,69,False
316,91,False
307,61,False
303,61,False
281,99,True
311,96,False
286,91,False
298,83,True
295,80,True
292,89,False
297,91,False
320,81,False
319,77,False
279,88,True
280,68,True
288,61,True
318,73,False
298,87,False
277,78,True
293,89,True
298,86,False
290,84,False
298,85,False
285,96,True
302,88,True
294,82,True
297,83,True
282,98,True
319,80,False
318,79,False
291,86,False
293,82,False
291,87,False
292,86,True
281,88,True
300,83,True
302,86,True
295,89,False
279,93,True
284,65,True
295,86,True
291,84,False
314,92,False
289,86,False
308,61,False
290,88,False
300,82,True
281,90,True
278,84,True
310,64,False
292,83,False
314,90,False
289,87,False
314,94,False
318,88,False
292,91,False
275,83,True
317,90,False
280,88,True
295,91,False
316,88,False
292,82,False
319,70,False
290,90,False
276,71,True
276,87,True
308,59,False
320,78,False
293,143,True
282,69,True
291,90,False
316,80,False
320,76,False
289,100,True
297,90,True
301,83,True
295,87,True
287,101,True
279,90,True
279,87,True
318,87,False
319,87,False
283,64,True
297,92,False
313,96,False
296,91,False
286,64,True
312,94,False
301,86,True
286,62,True
311,92,False
289,90,False
291,88,False
290,87,False
320,80,False
316,72,False
291,83,False
291,80,False
300,89,True
312,92,False
277,82,True
294,140,True
306,61,False
283,96,True
289,82,False
318,84,False
300,81,True
320,75,False
278,79,True
302,85,True
303,86,True
310,71,False
288,87,True
317,86,False
299,86,True
291,85,False
300,84,True
285,98,True
317,69,False
317,75,False
317,88,False
297,85,False
319,78,False
280,74,True
292,93,False
320,82,False
303,60,False
296,90,False
289,92,False
296,81,True
316,94,False
315,65,False
308,60,False
293,83,False
315,75,False
272,136,True
291,92,False
281,89,True
300,90,True
290,89,False
316,92,False
313,66,False
282,95,True
310,63,False
291,89,False
310,68,False
319,83,False
320,72,False
294,86,True
278,63,True
303,88,True
301,87,True
301,82,True
300,60,False
313,69,False
301,60,False
280,79,True
278,81,True
279,74,True
290,85,False
274,78,True
321,76,False
279,84,True
289,101,True
301,85,True
299,81,True
309,70,False
315,64,False
278,73,True
289,85,False
299,84,True
277,76,True
314,91,False
284,94,True
278,88,True
300,85,True
292,102,True
294,92,False
304,59,False
315,93,False
291,86,False
282,99,True
290,86,False
314,89,False
277,87,True
313,94,False
287,88,False
293,90,False
309,63,False
316,86,False
282,70,True
279,104,True
292,87,False
294,93,False
308,97,False
302,83,True
282,138,True
298,86,False
293,82,False
306,59,False
277,86,True
301,84,True
318,70,False
316,89,False
304,88,True
314,67,False
297,61,False
280,72,True
294,88,True
278,78,True
278,90,True
276,73,True
294,87,True
317,72,False
317,83,False
313,67,False
285,143,False
276,96,True
297,81,True
275,91,True
316,69,False
286,97,True
320,85,False
296,103,True
292,88,False
278,87,True
285,101,True
279,76,True
317,71,False
302,87,True
317,67,False
291,85,False
292,101,True
315,67,False
272,93,True
280,94,True
300,88,True
297,91,False
280,76,True
304,60,False
317,74,False
288,101,True
313,63,False
308,100,False
315,92,False
291,101,True
279,77,True
280,82,True
299,87,True
285,67,True
287,100,True
296,80,True
284,98,True
282,103,True
278,80,True
286,99,True
298,84,True
279,78,True
284,66,True
319,71,False
302,84,True
302,86,True
317,77,False
320,74,False
290,104,True
292,84,False
303,83,True
291,90,False
280,89,True
322,79,False
305,64,False
290,87,False
280,84,True
277,79,True
292,100,True
298,85,False
283,71,True
301,88,True
280,83,True
297,89,True
275,101,True
280,70,True
309,61,False
282,66,True
280,80,True
283,66,True
273,79,True
318,82,False
306,97,False
312,65,False
277,74,True
281,78,True
303,85,True
319,81,False
321,79,False
314,96,False
294,83,True
283,99,True
318,90,False
299,80,True
318,74,False
280,91,True
318,83,False
282,72,True
301,90,True
290,85,False
318,78,False
281,79,True
299,90,True
281,75,True
278,86,True
318,86,False
283,65,True
301,81,True
295,86,True
290,84,False
292,86,True
287,98,True
280,86,True
320,73,False
292,83,False
299,102,True
277,84,True
278,91,True
286,88,False
284,97,True
291,84,False
314,66,False
275,135,True
272,97,True
276,102,True
296,79,True
279,79,True
303,84,True
271,82,True
317,73,False
289,99,True
263,127,True
302,85,True
278,82,True
321,81,False
299,91,True
297,90,True
304,84,True
317,70,False
291,93,False
263,124,True
298,82,True
296,89,False
319,88,False
319,74,False
283,93,True
291,86,False
280,69,True
279,85,True
319,76,False
288,85,False
293,81,False
302,88,True
284,96,True
292,87,False
288,59,True
292,90,False
313,64,False
273,80,True
280,75,True
281,87,True
311,64,False
295,81,True
297,80,True
301,83,True
281,72,True
293,91,False
289,60,True
280,95,True
300,90,True
298,57,False
274,88,True
286,140,True
275,99,True
278,93,True
290,86,False
289,86,False
281,68,True
297,85,False
300,92,True
301,58,False
297,86,False
300,89,True
284,69,True
281,69,True
312,93,False
280,85,True
314,63,False
293,90,False
300,81,True
298,127,True
299,86,True
316,75,False
289,84,False
303,86,True
319,79,False
290,87,False
294,82,True
299,59,False
297,84,False
295,58,False
280,92,True
281,77,True
282,75,True
280,65,True
300,87,True
279,134,True
280,73,True
274,82,True
317,65,False
301,82,True
281,73,True
293,86,True
320,86,False
286,63,True
269,131,True
284,64,True
279,83,True
278,76,True
291,85,False
317,80,False
263,132,True
281,71,True
289,91,False
301,89,True
279,82,True
321,83,False
301,84,True
311,63,False
313,80,False
315,72,False
301,91,True
316,66,False
276,89,True
299,81,True
291,87,False
284,102,True
300,91,True
295,87,True
281,76,True
283,92,True
286,96,True
281,98,True
289,63,True
290,62,True
305,60,False
301,59,False
310,95,False
292,85,True
298,80,True
280,71,True
292,82,False
282,100,True
279,81,True
270,129,True
279,80,True
300,82,True
303,87,True
282,91,True
301,92,True
296,81,True
272,95,True
318,91,False
280,96,True
279,95,True
291,91,False
279,86,True
319,84,False
281,84,True
291,102,True
311,95,False
298,86,False
310,65,False
304,89,True
319,86,False
297,91,False
302,57,False
276,133,True
277,83,True
303,85,True
284,100,True
283,73,True
302,87,True
302,86,True
313,68,False
285,97,True
281,93,True
281,96,True
275,76,True
291,100,True
296,92,False
298,85,False
291,90,False
292,91,False
293,82,False
322,78,False
313,90,False
321,82,False
294,91,False
318,80,False
288,98,True
292,88,False
299,79,True
313,93,False
302,59,False
291,82,False
295,92,False
317,91,False
318,75,False
293,92,False
281,92,True
278,74,True
292,83,False
297,89,True
293,88,False
310,61,False
300,84,True
289,89,False
310,62,False
296,61,False
315,66,False
290,88,False
288,87,False
319,72,False
263,125,True
282,93,True
316,67,False
314,95,False
286,86,False
298,83,True
280,90,True
298,90,True
292,87,False
318,77,False
292,84,False
302,85,True
315,89,False
281,91,True
312,64,False
284,71,True
298,84,True
304,100,False
302,84,True
315,82,False
287,139,True
290,86,False
296,88,False
282,90,True
288,93,False
303,143,True
300,86,True
282,96,True
287,87,False
319,73,False
319,75,False
284,68,True
291,83,False
316,79,False
292,81,False
291,89,False
320,77,False
279,92,True
315,63,False
307,60,False
294,89,True
316,65,False
318,71,False
297,81,True
278,77,True
294,81,False
299,87,True
296,86,True
301,61,False
281,86,True
316,64,False
312,98,False
313,62,False
290,83,False
281,95,True
300,58,False
282,73,True
320,84,False
321,80,False
297,83,False
301,85,True
303,62,False
309,64,False
279,89,True
315,77,False
293,89,False
319,85,False
311,61,False
300,83,True
317,68,False
293,90,False
295,86,True
317,81,False
318,72,False
314,64,False
282,97,True
276,74,True
296,102,True
317,84,False
299,88,False
282,94,True
292,89,False
297,87,False
290,87,False
300,144,False
293,91,False
283,100,True
290,85,False
309,68,False
296,80,True
286,66,True
308,62,False
300,85,True
319,69,False
315,69,False
301,83,True
283,63,True
282,68,True
300,90,True
293,88,False
301,82,True
319,67,False
309,98,False
292,45,True
319,89,False
290,84,False
310,60,False
321,74,False
302,83,True
294,103,True
295,79,True
312,96,False
303,86,True
308,99,False
279,72,True
285,64,True
313,97,False
292,90,False
304,85,True
304,86,True
295,59,False
278,83,True
314,65,False
319,77,False
316,68,False
315,71,False
284,67,True
301,84,True
301,88,True
308,63,False
301,81,True
288,140,True
300,81,True
309,62,False
283,95,True
302,88,True
320,75,False
286,67,True
304,87,True
314,68,False
283,97,True
316,93,False
280,88,True
293,89,False
318,76,False
317,82,False
279,75,True
320,79,False
298,144,False
320,81,False
292,84,False
306,98,False
293,87,False
287,97,True
278,84,True
291,84,False
320,74,False
298,91,False
280,78,True
319,82,False
286,65,True
288,88,False
303,85,True
309,97,False
292,92,False
275,88,True
297,92,False
299,61,False
279,88,True
291,88,False
317,79,False
297,84,False
292,87,False
303,88,True
298,82,True
292,88,False
282,74,True
288,79,False
310,98,False
295,82,True
317,76,False
294,88,True
279,73,True
286,103,True
295,83,True
315,91,False
281,74,True
297,80,True
278,89,True
288,99,True
301,90,True
280,87,True
302,89,True
308,68,False
316,91,False
305,102,False
316,71,False
302,86,True
317,89,False
286,102,True
303,64,False
311,62,False
298,85,False
284,99,True
306,67,False
290,86,False
317,66,False
285,103,True
290,90,True
284,142,False
282,77,True
302,82,True
311,93,False
311,99,False
302,91,True
303,80,True
303,63,False
279,91,True
303,87,True
275,74,True
291,103,True
293,88,False
302,85,True
311,65,False
280,77,True
296,44,False
294,81,False
296,87,True
283,70,True
275,92,True
303,84,True
293,91,False
293,82,False
300,89,True
293,81,False
298,47,True
271,131,True
318,69,False
277,72,True
296,60,False
295,91,False
278,85,True
315,64,False
297,89,True
313,95,False
299,83,True
298,83,True
268,132,True
283,69,True
292,83,False
301,87,True
301,89,True
297,91,False
295,80,True
300,87,True
320,76,False
302,87,True
302,60,False
321,75,False
316,83,False
281,89,True
302,84,True
282,80,True
299,81,True
283,68,True
291,87,False
285,94,True
319,80,False
280,81,True
281,62,True
281,80,True
302,81,True
278,75,True
279,97,True
294,90,False
283,72,True
310,59,False
296,91,False
291,85,False
290,101,True
300,143,False
282,67,True
316,78,False
295,101,True
275,80,True
265,125,True
320,78,False
282,92,True
318,73,False
316,66,False
295,87,True
285,93,True
292,90,False
299,143,False
293,101,True
283,94,True
291,140,True
299,84,True
286,100,True
312,73,False
287,65,True
301,82,True
308,61,False
315,70,False
288,139,True
290,100,True
299,85,False
279,76,True
291,105,True
301,86,True
300,80,True
281,85,True
293,102,True
288,100,True
320,83,False
298,86,False
302,80,True
294,89,True
297,81,True
298,90,True
294,82,False
282,69,True
307,61,False
293,59,False
322,80,False
292,89,False
322,81,False
318,88,False
309,71,False
322,74,False
311,63,False
292,84,False
322,76,False
280,74,True
303,86,True
301,81,True
306,60,False
299,63,False
319,90,False
303,85,True
285,142,False
281,82,True
292,144,False
298,81,True
312,69,False
318,67,False
300,90,True
302,58,False
267,133,True
282,85,True
292,87,False
292,91,False
312,74,False
281,90,True
319,84,False
299,82,True
293,87,False
278,79,True
295,85,True
279,96,True
302,142,False
301,83,True
298,79,True
286,104,True
279,84,True
284,95,True
309,59,False
287,67,True
282,83,True
297,90,False
295,102,True
316,84,False
292,86,False
296,81,True
299,90,True
335,126,False
279,74,True
282,86,True
302,83,True
301,84,True
281,83,True
312,62,False
289,87,True
298,91,False
280,80,True
280,93,True
288,63,True
320,85,False
299,89,True
320,73,False
296,86,True
316,85,False
299,87,False
285,69,True
290,85,False
312,60,False
298,92,False
293,86,True
291,90,False
308,60,False
317,67,False
303,58,False
308,95,False
294,81,False
294,80,False
286,98,True
312,61,False
319,75,False
299,62,False
318,89,False
317,93,False
284,101,True
320,88,False
280,86,True
293,89,False
292,88,False
309,61,False
321,87,False
293,88,False
287,64,True
294,91,False
302,79,True
295,81,True
293,47,True
300,82,True
298,89,True
284,143,False
300,81,True
318,71,False
278,80,True
296,80,True
321,84,False
292,85,False
294,82,False
319,73,False
290,90,False
278,133,True
303,59,False
297,80,True
297,85,False
320,80,False
294,90,False
263,128,True
298,85,False
291,85,False
302,88,True
295,83,True
301,80,True
292,90,False
308,59,False
318,85,False
320,87,False
290,87,False
303,87,True
299,85,False
319,74,False
266,134,True
313,94,False
301,90,True
310,94,False
282,71,True
292,99,True
285,66,True
286,140,False
281,81,True
281,87,True
320,72,False
286,142,False
318,87,False
302,85,True
319,87,False
287,85,False
318,72,False
295,86,True
318,92,False
279,87,True
291,87,False
318,70,False
275,98,True
277,99,True
286,143,False
298,80,True
287,99,True
300,91,True
321,86,False
280,82,True
314,75,False
304,86,True
302,84,True
285,96,True
302,82,True
285,99,True
281,94,True
281,88,True
283,91,True
268,133,True
322,75,False
295,82,True
293,83,False
317,90,False
312,95,False
291,147,True
318,66,False
318,93,False
288,87,False
291,83,False
294,88,True
282,70,True
313,65,False
286,68,True
320,70,False
290,99,True
265,126,True
274,95,True
317,69,False
303,85,True
321,77,False
292,89,False
305,86,True
293,93,False
299,86,False
280,76,True
300,85,True
303,84,True
316,67,False
293,82,False
318,81,False
312,63,False
310,96,False
316,90,False
307,59,False
302,86,True
290,89,False
279,90,True
315,68,False
297,140,True
284,94,True
300,86,True
282,87,True
293,87,False
291,88,False
282,95,True
300,87,True
285,98,True
320,82,False
322,83,False
301,81,True
290,86,False
268,131,True
293,81,False
290,91,False
298,84,False
301,89,True
314,92,False
270,130,True
303,82,True
307,57,False
292,86,False
296,101,True
299,80,True
288,89,False
289,139,True
276,99,True
303,86,True
301,82,True
292,84,False
279,85,True
305,58,False
293,91,False
320,71,False
292,87,False
317,85,False
321,73,False
309,67,False
320,68,False
279,79,True
282,76,True
292,85,False
297,91,False
293,90,False
294,145,False
