x,y,polarity
315,65,False
283,67,True
280,85,True
283,93,True
322,77,False
319,83,False
305,57,False
289,103,True
282,79,True
303,88,True
291,89,False
315,81,False
264,132,True
288,65,True
313,64,False
289,102,True
309,60,False
272,92,True
316,92,False
287,102,True
295,60,False
302,90,True
321,78,False
313,63,False
292,82,False
290,92,False
281,70,True
302,98,False
289,100,True
278,81,True
319,71,False
297,88,False
305,101,False
319,78,False
266,128,True
282,89,True
294,82,False
319,70,False
297,90,False
304,85,True
303,83,True
310,61,False
312,83,False
294,90,False
269,135,True
289,98,True
282,101,True
302,83,True
285,141,False
280,84,True
284,65,True
302,87,True
288,64,True
285,68,True
292,90,False
298,86,False
301,84,True
295,83,True
286,97,True
269,130,True
293,86,True
295,87,True
304,83,True
294,86,True
285,95,True
279,77,True
299,85,False
289,90,False
284,69,True
287,62,True
283,96,True
299,84,True
277,85,True
318,79,False
294,101,True
296,86,True
315,95,False
290,90,False
297,101,True
313,92,False
298,90,True
299,86,False
301,85,True
303,87,True
318,68,False
303,85,True
304,87,True
315,66,False
302,82,True
291,85,False
287,66,True
292,83,False
302,81,True
284,91,True
292,89,False
300,90,True
293,85,True
304,58,False
312,89,False
313,96,False
319,81,False
296,85,True
320,77,False
301,79,True
279,83,True
297,89,False
291,86,False
295,82,True
280,83,True
297,80,True
303,81,True
320,86,False
281,78,True
298,91,False
302,84,True
281,76,True
273,133,True
282,82,True
281,91,True
284,93,True
293,88,False
314,63,False
280,90,True
282,88,True
301,90,True
300,81,True
295,91,False
317,92,False
297,79,True
296,59,False
293,143,False
280,91,True
312,97,False
302,62,False
280,79,True
280,89,True
298,84,False
281,79,True
316,63,False
319,69,False
303,89,True
315,92,False
301,81,True
302,89,True
281,84,True
279,81,True
306,58,False
305,59,False
297,81,True
296,79,True
310,97,False
279,80,True
285,67,True
294,87,False
301,83,True
298,88,True
321,81,False
281,86,True
291,87,False
304,88,True
317,91,False
292,101,True
305,67,False
292,85,False
286,95,True
291,99,True
319,86,False
293,100,True
317,94,False
317,65,False
303,84,True
311,89,False
282,90,True
293,83,False
293,87,False
304,86,True
279,82,True
298,89,True
303,86,True
314,93,False
284,70,True
265,128,True
314,94,False
300,86,True
321,76,False
292,103,True
300,80,True
288,96,True
295,103,True
285,100,True
281,77,True
287,101,True
281,75,True
306,57,False
320,81,False
278,86,True
301,89,True
279,78,True
278,87,True
283,77,True
278,82,True
302,85,True
303,90,True
265,94,False
298,85,False
282,93,True
293,103,True
304,60,False
271,91,True
289,61,True
280,73,True
283,90,True
296,82,True
287,63,True
273,84,True
290,140,True
301,87,True
295,100,True
289,99,True
290,103,True
299,82,True
286,94,True
298,87,False
298,82,False
290,139,True
285,97,True
321,82,False
298,81,True
285,70,True
294,91,False
286,64,True
321,80,False
287,98,True
315,98,False
292,62,True
296,89,False
301,86,True
318,86,False
302,88,True
280,75,True
283,92,True
285,63,True
285,72,True
298,80,True
304,84,True
306,71,False
287,96,True
286,101,True
284,96,True
321,72,False
294,90,False
280,87,True
278,78,True
292,88,False
282,78,True
294,88,False
282,72,True
280,77,True
302,83,True
315,93,False
267,131,True
291,85,False
302,82,True
281,71,True
291,90,True
291,86,False
289,87,False
283,98,True
300,88,False
301,82,True
293,82,False
321,79,False
303,87,True
286,99,True
319,68,False
294,89,False
291,84,False
289,62,True
303,85,True
282,63,True
323,78,False
315,63,False
288,97,True
296,81,True
284,97,True
302,81,True
299,90,True
280,72,True
314,98,False
283,80,True
320,84,False
283,85,True
318,84,False
293,104,True
278,88,True
301,80,True
295,90,False
281,92,True
293,90,False
289,88,False
283,84,True
318,69,False
273,92,True
271,133,True
310,63,False
292,87,False
267,129,True
322,84,False
293,85,True
287,95,True
296,99,True
288,67,True
290,63,True
320,78,False
320,89,False
321,75,False
280,81,True
302,84,True
283,76,True
285,65,True
283,87,True
319,88,False
295,82,True
273,132,True
282,84,True
303,82,True
294,81,False
276,134,True
299,142,False
301,81,True
323,80,False
299,83,True
289,140,True
280,99,True
303,88,True
283,95,True
305,87,True
310,60,False
286,96,True
282,91,True
289,86,False
318,90,False
283,75,True
267,130,True
315,94,False
296,86,True
284,66,True
299,86,False
304,85,True
316,65,False
301,91,True
312,94,False
281,89,True
295,88,True
292,102,True
303,83,True
322,82,False
294,87,False
292,84,False
291,98,True
283,88,True
316,70,False
319,71,False
301,90,True
304,87,True
305,88,True
322,79,False
322,73,False
296,57,False
281,72,True
311,61,False
294,144,False
286,89,False
282,81,True
320,74,False
299,91,False
295,81,False
297,80,True
293,83,False
311,60,False
300,84,True
317,66,False
318,88,False
293,88,False
311,97,False
290,64,True
294,88,False
317,95,False
298,89,True
299,85,False
304,81,True
288,60,True
276,83,True
290,102,True
304,59,False
290,84,False
281,80,True
294,102,True
288,102,True
300,82,True
320,69,False
307,63,False
304,86,True
300,81,True
304,82,True
291,86,False
294,89,False
309,99,False
313,98,False
281,74,True
290,85,False
266,132,True
318,65,False
295,89,True
288,86,False
288,90,False
290,98,True
289,65,True
295,80,False
263,39,True
289,97,True
301,84,True
294,82,False
284,72,True
281,83,True
300,79,True
291,90,True
283,74,True
313,63,False
283,86,True
297,88,False
275,84,True
302,90,True
303,84,True
286,66,True
280,88,True
296,91,False
289,87,False
283,71,True
298,90,False
319,65,False
288,141,True
320,75,False
319,66,False
302,82,True
282,85,True
283,89,True
276,40,True
323,76,False
288,98,True
281,85,True
319,76,False
293,87,False
313,62,False
279,100,True
297,86,True
299,89,True
300,57,False
321,74,False
294,100,True
322,85,False
268,129,True
321,77,False
285,94,True
281,73,True
323,77,False
283,94,True
302,83,True
298,87,False
280,78,True
291,100,True
282,73,True
283,72,True
302,81,True
291,87,False
296,104,True
293,46,True
287,100,True
296,87,True
300,86,True
305,85,True
286,67,True
302,89,True
298,91,False
303,87,True
291,62,True
299,82,True
312,81,False
308,58,False
274,132,True
290,86,False
320,83,False
303,86,True
301,89,True
281,82,True
295,90,False
298,80,True
302,80,True
275,133,True
283,79,True
288,66,True
294,90,False
318,67,False
299,83,True
284,71,True
293,90,False
314,73,False
293,91,False
296,85,True
294,88,False
276,98,True
282,75,True
301,58,False
294,86,True
280,80,True
300,83,True
311,62,False
280,76,True
286,70,True
272,134,True
295,144,False
313,61,False
319,72,False
280,133,True
274,134,True
301,81,True
281,88,True
284,74,True
282,80,True
284,92,True
297,91,False
291,84,False
280,85,True
321,85,False
291,102,True
300,90,True
294,91,False
291,86,False
321,83,False
304,84,True
289,64,True
295,93,False
282,86,True
294,92,False
303,85,True
323,82,False
303,60,False
305,84,True
310,62,False
317,70,False
320,72,False
303,81,True
320,87,False
282,74,True
289,101,True
295,81,False
298,61,False
323,75,False
307,95,False
292,83,False
316,64,False
317,64,False
264,126,True
302,84,True
320,85,False
310,99,False
314,62,False
322,86,False
319,89,False
283,91,True
321,68,False
301,87,True
282,94,True
310,59,False
284,68,True
320,71,False
280,92,True
276,86,True
317,88,False
321,81,False
320,79,False
294,89,False
311,59,False
294,87,False
318,89,False
321,79,False
318,64,False
283,73,True
293,92,False
281,81,True
322,77,False
288,103,True
281,90,True
288,95,True
319,93,False
322,87,False
296,90,False
299,92,False
314,64,False
279,86,True
283,82,True
298,90,False
341,125,False
304,87,True
312,62,False
297,85,True
307,59,False
307,98,False
323,81,False
285,71,True
321,73,False
331,129,False
297,83,False
322,72,False
304,86,True
298,60,False
302,87,True
265,129,True
298,88,True
286,63,True
298,79,True
309,58,False
304,85,True
292,89,False
310,66,False
323,74,False
312,61,False
298,92,False
287,97,True
319,67,False
316,96,False
292,85,False
316,95,False
293,83,False
321,78,False
321,76,False
313,60,False
315,87,False
282,77,True
293,88,False
293,86,False
295,46,False
315,62,False
281,87,True
303,83,True
320,86,False
322,70,False
296,83,True
282,92,True
319,86,False
295,88,True
286,98,True
307,58,False
306,59,False
318,74,False
318,135,True
286,93,True
277,135,True
302,82,True
295,90,False
293,90,False
288,82,False
321,72,False
318,91,False
315,97,False
284,90,True
295,89,True
303,84,True
322,81,False
296,84,False
323,79,False
284,95,True
299,85,False
292,91,False
266,129,True
284,94,True
290,83,False
294,88,False
322,76,False
293,99,True
295,75,False
320,70,False
281,64,True
300,85,False
280,86,True
317,71,False
321,88,False
301,90,True
302,83,True
301,80,True
311,96,False
282,83,True
295,62,False
284,67,True
321,84,False
288,101,True
322,78,False
264,133,True
302,81,True
300,80,True
317,87,False
283,69,True
302,86,True
284,75,True
294,99,True
303,88,True
285,66,True
310,100,False
298,81,True
319,90,False
282,89,True
291,86,False
280,136,True
266,127,True
323,73,False
289,87,False
299,83,True
306,85,True
321,71,False
311,98,False
280,82,True
324,79,False
315,67,False
309,60,False
297,79,True
315,90,False
294,81,False
321,82,False
295,91,False
297,80,True
264,128,True
282,71,True
293,81,False
311,100,False
299,90,True
288,62,True
290,100,True
321,69,False
296,86,True
286,69,True
284,76,True
292,90,False
282,87,True
303,82,True
273,136,True
300,87,False
265,124,True
316,66,False
287,65,True
291,63,True
281,78,True
279,84,True
322,80,False
285,92,True
285,96,True
293,87,False
295,81,False
284,93,True
286,68,True
292,87,False
286,65,True
296,81,True
284,73,True
303,89,True
320,67,False
300,59,False
297,92,False
282,79,True
283,78,True
285,69,True
304,83,True
303,57,False
286,97,True
317,63,False
285,90,True
317,68,False
293,84,False
288,138,True
293,143,False
316,81,False
307,60,False
290,88,False
288,100,True
319,85,False
318,55,True
296,92,False
272,83,True
316,94,False
277,88,True
302,90,True
319,75,False
293,86,False
321,89,False
285,93,True
302,89,True
291,85,False
292,61,True
288,63,True
281,79,True
303,87,True
269,132,True
265,133,True
298,80,True
315,96,False
265,127,True
302,140,True
285,95,True
287,68,True
285,68,True
315,70,True
288,87,False
294,82,False
322,71,False
299,82,True
307,64,False
300,71,True
284,89,True
288,99,True
283,83,True
298,90,False
290,105,True
298,102,True
275,144,True
322,75,False
304,88,True
273,95,True
281,76,True
282,76,True
274,97,True
304,77,True
297,104,True
301,78,True
303,79,True
319,70,False
276,79,True
306,84,True
270,132,True
299,80,True
290,99,True
300,81,True
312,63,False
301,85,True
270,135,True
280,83,True
274,83,True
284,83,True
318,66,False
278,102,True
280,84,True
304,85,True
265,130,True
297,86,True
295,86,True
323,84,False
305,86,True
271,128,True
278,136,True
314,70,False
302,88,True
300,89,True
273,93,True
319,91,False
280,74,True
282,90,True
285,106,True
286,95,True
279,137,True
320,76,False
320,90,False
273,97,True
284,98,True
319,92,False
319,87,False
292,100,True
271,143,True
291,101,True
271,136,True
295,84,False
267,128,True
312,59,False
304,87,True
299,84,False
290,97,True
269,128,True
301,81,True
282,65,True
274,136,True
281,112,True
284,161,True
290,87,True
302,82,True
280,176,True
283,68,True
304,86,True
314,69,False
301,86,True
277,103,True
304,90,True
302,81,True
319,79,False
284,63,True
311,60,False
275,134,True
270,131,True
265,131,True
303,131,True
272,132,True
308,73,True
272,133,True
280,135,True
266,135,True
285,62,True
295,88,True
304,80,True
307,80,True
320,58,True
295,80,False
317,65,False
294,104,True
315,61,False
303,84,True
293,101,True
315,64,False
301,82,True
263,129,True
294,142,False
301,87,True
300,85,False
293,82,False
287,67,True
304,84,True
289,95,True
315,79,False
313,75,False
282,68,True
273,134,True
318,68,False
322,88,False
320,56,True
320,73,False
312,68,False
290,142,True
287,135,True
270,133,True
294,80,False
263,126,True
302,84,True
294,86,True
325,95,True
272,131,True
271,134,True
268,128,True
268,134,True
273,135,True
301,83,True
280,142,True
266,133,True
269,129,True
293,144,False
298,59,False
279,118,True
319,86,True
264,122,True
271,89,True
267,127,True
277,81,True
287,136,True
283,138,True
320,86,True
294,60,False
283,82,False
321,79,True
298,83,False
320,71,True
316,69,False
319,75,True
283,83,False
318,66,True
297,57,False
300,91,True
319,70,True
315,64,True
299,84,True
299,86,False
302,64,False
298,68,False
292,81,False
293,84,False
292,85,False
293,83,False
295,82,False
295,81,False
294,83,False
292,83,False
281,79,False
290,87,True
294,81,False
301,90,True
298,88,False
300,86,False
300,85,False
296,94,False
293,84,False
294,82,False
303,90,True
314,96,False
297,84,True
302,89,True
302,90,True
297,90,True
302,91,True
295,82,False
303,83,True
299,83,True
295,81,False
296,93,False
292,85,False
292,82,False
296,82,True
293,89,False
296,46,False
304,87,True
295,83,False
293,88,False
297,85,True
297,81,True
298,87,False
304,46,True
304,86,True
304,85,True
303,85,True
300,86,False
293,84,False
300,85,False
304,88,True
299,86,False
293,86,False
309,93,False
