x,y,polarity
317,54,True
295,89,False
298,85,True
300,87,False
299,89,True
305,64,False
303,83,True
292,86,False
300,88,True
295,88,False
293,87,True
290,87,False
284,88,True
303,88,True
294,89,False
303,81,True
295,89,False
303,85,True
303,90,True
306,88,True
294,84,False
302,90,True
289,86,False
304,85,True
296,81,False
304,82,True
309,82,True
303,82,True
295,88,False
300,85,False
304,84,True
282,84,True
300,83,True
291,86,False
305,86,True
292,85,False
302,91,True
295,91,False
320,87,False
295,82,False
295,89,False
294,82,False
297,85,True
300,84,True
299,83,False
298,86,True
299,87,False
283,77,True
299,89,True
302,86,True
294,88,False
292,90,True
281,86,True
304,88,True
293,90,False
322,85,False
322,84,False
307,88,True
302,81,True
303,84,True
290,87,False
292,86,False
295,81,False
304,83,True
296,88,True
294,83,False
319,70,False
294,90,False
295,88,False
287,64,True
302,87,True
300,90,True
292,84,False
296,81,False
301,85,False
295,89,False
281,84,True
298,90,True
296,82,False
294,87,False
305,85,True
293,82,False
286,64,True
314,66,True
303,89,True
285,68,True
305,87,True
288,70,True
283,85,True
284,86,True
304,89,True
294,84,False
296,89,True
283,74,True
298,81,True
283,75,True
290,66,True
303,81,True
322,73,False
284,82,True
281,82,True
303,91,True
294,86,False
305,88,True
302,85,True
303,87,True
298,87,True
283,87,True
285,67,True
294,89,False
285,70,True
300,89,True
320,69,False
286,89,True
286,78,True
283,89,True
320,88,False
314,98,False
292,87,False
321,70,False
303,82,True
300,83,True
296,83,False
300,91,False
304,84,True
305,86,True
299,91,False
289,100,True
303,83,True
293,89,False
295,90,False
299,90,False
286,91,True
282,78,True
293,85,False
323,79,False
301,81,True
293,87,False
300,85,False
295,88,False
281,83,True
304,82,True
311,60,False
294,81,False
319,73,False
295,87,False
297,86,True
285,91,True
295,91,False
294,90,False
323,77,False
284,87,True
321,66,False
322,86,False
322,89,False
316,63,False
287,94,True
321,90,False
301,87,False
296,82,False
284,72,True
296,90,False
323,80,False
291,87,True
295,89,False
301,85,False
287,95,True
283,86,True
322,72,False
324,80,False
294,86,False
283,92,True
288,94,True
324,76,False
323,85,False
325,76,False
322,78,False
324,84,False
323,76,False
282,86,True
284,70,True
287,93,True
283,71,True
313,98,False
294,142,True
303,90,True
321,87,False
322,68,False
324,71,False
320,70,False
323,81,False
293,88,False
303,84,True
321,88,False
296,81,False
306,87,True
283,88,True
323,72,False
325,79,False
321,72,False
283,76,True
295,82,False
289,98,True
306,85,True
284,92,True
305,83,True
293,83,False
305,84,True
298,86,True
284,85,True
294,88,False
282,76,True
323,75,False
325,77,False
323,69,False
294,85,False
286,74,True
319,65,False
323,78,False
321,85,False
302,81,True
313,62,False
299,90,False
296,89,True
319,90,False
324,74,False
286,96,True
302,82,True
325,80,False
301,82,True
287,96,True
288,96,True
284,80,True
297,87,True
291,97,True
283,80,True
294,87,False
306,86,True
293,101,True
318,92,False
300,90,True
296,83,False
320,67,False
324,72,False
314,62,False
294,84,False
302,80,True
317,93,False
282,75,True
288,92,True
283,79,True
284,78,True
303,81,True
319,64,False
296,88,True
295,84,True
315,63,False
314,61,False
299,81,True
286,90,True
282,77,True
297,83,True
287,63,True
304,86,True
281,81,True
290,96,True
305,85,True
299,80,True
282,85,True
304,83,True
287,69,True
287,98,True
282,70,True
294,89,False
277,133,True
281,85,True
302,88,False
317,94,False
322,81,False
286,92,True
319,91,False
287,67,True
323,82,False
289,97,True
318,65,False
322,87,False
313,61,False
285,92,True
294,90,False
287,70,True
285,87,True
275,131,True
302,87,True
294,98,True
282,82,True
282,73,True
295,99,True
322,71,False
294,86,False
282,72,True
285,72,True
284,71,True
295,87,False
299,88,False
289,96,True
284,90,True
286,73,True
282,80,True
288,61,True
284,79,True
324,83,False
325,81,False
296,82,False
285,71,True
291,140,True
288,66,True
304,84,True
300,91,False
321,71,False
286,94,True
314,95,False
296,90,False
319,66,False
300,84,False
304,81,True
316,94,False
322,91,False
285,89,True
325,78,False
318,94,False
302,90,True
323,74,False
289,65,True
321,69,False
301,90,True
289,64,True
322,76,False
323,70,False
281,80,True
323,87,False
293,87,False
316,62,False
284,74,True
324,73,False
285,74,True
303,80,True
289,67,True
303,86,True
298,85,True
321,68,False
288,98,True
317,72,True
297,82,True
288,64,True
297,91,False
291,99,True
272,130,True
286,66,True
288,93,True
323,71,False
316,64,False
291,139,True
288,67,True
323,83,False
290,98,True
320,90,False
319,67,False
296,91,False
317,64,False
283,73,True
317,62,False
300,86,False
282,79,True
323,84,False
284,73,True
286,68,True
264,123,True
298,80,True
301,87,False
320,68,False
323,88,False
301,85,False
285,79,True
283,72,True
294,85,False
314,60,False
305,87,True
305,86,True
288,69,True
283,91,True
313,59,False
285,81,True
301,86,False
283,82,True
293,85,False
317,95,False
321,65,False
297,81,True
304,82,True
291,87,True
323,67,False
295,86,True
289,144,False
283,78,True
322,88,False
321,73,False
294,143,True
315,96,False
323,73,False
284,76,True
323,81,False
292,86,False
320,65,False
280,81,True
283,83,True
285,93,True
285,69,True
284,84,True
289,66,True
324,85,False
316,97,False
323,68,False
289,68,True
289,99,True
299,90,False
322,69,False
324,82,False
324,79,False
303,89,True
317,66,False
284,75,True
282,83,True
316,93,False
295,91,False
325,74,False
301,84,True
312,97,False
291,63,True
321,84,False
295,81,False
281,74,True
294,86,False
315,64,False
292,99,True
289,143,False
322,84,False
294,90,False
300,85,False
321,89,False
292,98,True
283,81,True
264,124,True
321,86,False
285,94,True
324,86,False
287,97,True
286,69,True
281,87,True
284,89,True
322,70,False
287,71,True
318,63,False
296,90,False
284,91,True
323,77,False
305,59,False
285,78,True
287,99,True
286,93,True
321,92,False
282,89,True
317,96,False
322,83,False
285,77,True
290,63,True
299,79,True
282,87,True
263,123,True
326,78,False
282,84,True
296,82,False
285,76,True
290,101,True
326,77,False
287,61,True
295,87,False
306,83,True
286,72,True
287,68,True
304,46,True
303,81,True
286,70,True
286,67,True
299,91,False
300,84,False
315,62,False
290,64,True
297,83,True
282,81,True
308,59,False
285,86,True
285,80,True
294,89,False
313,97,False
316,65,False
325,75,False
304,90,True
324,70,False
310,58,False
320,89,False
304,57,False
266,123,True
285,84,True
288,63,True
320,64,False
283,84,True
316,61,False
327,76,False
305,85,True
294,85,False
319,92,False
318,69,False
291,98,True
274,133,True
294,87,False
324,75,False
317,63,False
287,65,True
312,58,False
323,75,False
303,82,True
288,95,True
279,133,True
289,94,True
304,83,True
323,72,False
286,87,True
314,61,False
314,96,False
290,65,True
284,83,True
301,91,False
300,92,False
296,61,True
324,80,False
285,90,True
322,66,False
322,67,False
284,88,True
287,92,True
291,96,True
301,86,False
283,75,True
311,59,False
282,91,True
323,85,False
324,76,False
288,97,True
318,64,False
293,87,False
295,101,True
295,102,True
296,102,True
299,89,False
298,86,True
294,84,False
294,101,True
323,76,False
305,82,True
324,77,False
302,87,True
321,91,False
296,87,False
299,80,True
285,85,True
285,88,True
300,103,True
322,74,False
295,88,False
293,100,True
322,77,False
300,83,True
316,63,False
326,75,False
290,95,True
323,86,False
317,98,False
324,69,False
283,74,True
313,60,False
284,77,True
302,81,True
316,96,False
321,70,False
303,84,True
322,82,False
279,136,True
302,89,True
312,61,False
294,90,False
292,90,False
283,87,True
291,95,True
279,88,True
320,82,False
304,84,True
301,85,False
275,129,True
274,131,True
296,90,False
317,61,False
303,59,False
294,86,False
299,92,False
310,57,False
320,66,False
324,88,False
319,62,False
295,86,True
316,60,False
283,77,True
284,86,True
288,90,True
301,80,True
322,86,False
295,60,True
289,95,True
344,123,False
305,84,True
324,81,False
296,101,True
297,84,False
300,91,False
298,99,True
325,85,False
304,56,False
323,90,False
305,58,False
322,73,False
298,83,True
321,68,False
322,65,False
300,84,False
311,58,False
297,82,True
322,80,False
326,76,False
301,100,True
296,81,False
302,80,True
294,85,False
304,81,True
321,67,False
299,99,True
302,88,False
304,80,True
293,102,True
300,80,True
294,100,True
292,101,True
304,82,True
295,87,False
290,99,True
290,97,True
301,81,True
302,86,True
305,83,True
294,83,False
306,86,True
306,85,True
270,126,True
301,86,False
295,97,True
317,65,False
294,89,False
295,85,True
293,85,False
266,125,True
296,82,False
267,125,True
318,67,False
294,103,True
295,92,False
300,81,True
270,127,True
300,89,True
306,87,True
268,126,True
272,135,True
266,124,True
319,63,False
265,120,True
294,88,False
269,123,True
314,133,True
313,89,True
273,130,True
274,96,True
276,95,True
337,125,False
295,82,False
296,95,True
306,92,True
296,143,True
311,61,False
304,88,True
305,86,True
