x,y,polarity
319,136,True
287,82,True
288,86,True
292,81,True
287,81,True
287,83,False
285,84,True
289,81,False
285,85,True
295,88,False
296,81,False
289,79,True
287,84,False
295,87,False
296,87,False
286,83,True
291,89,False
292,87,False
283,85,True
292,85,True
291,87,True
287,94,True
297,83,False
288,89,True
288,86,True
287,82,True
285,82,True
297,86,False
284,84,True
297,85,False
293,79,True
285,83,True
285,84,True
286,82,True
292,82,True
293,84,True
294,85,False
286,88,True
295,89,False
287,83,False
287,81,True
288,88,True
286,83,True
285,85,True
292,81,True
293,89,False
296,86,False
289,81,False
294,84,False
291,83,False
283,85,True
288,80,True
295,86,False
295,88,False
287,85,True
289,78,True
292,88,False
286,84,True
288,81,True
291,87,True
292,80,True
296,81,False
289,80,False
294,89,False
290,83,False
293,85,True
286,83,True
291,88,True
290,84,False
298,84,False
287,80,True
292,84,True
293,84,True
297,84,False
298,85,False
297,82,False
298,83,False
307,88,True
289,79,True
285,83,True
292,85,True
285,84,True
288,79,True
297,86,False
296,80,False
297,85,False
297,83,False
286,88,True
288,80,True
287,81,True
286,87,True
287,79,True
286,82,True
297,87,False
273,71,False
309,83,True
285,82,True
286,84,True
290,89,False
299,84,False
308,85,True
286,83,True
287,84,False
286,81,True
290,85,False
271,77,False
274,69,False
293,84,True
296,82,False
269,80,False
309,82,True
273,88,False
295,87,False
272,90,False
291,86,True
275,94,False
288,81,True
294,85,False
293,83,True
306,89,True
292,82,True
287,87,True
296,79,False
271,79,False
295,79,False
293,90,False
288,80,True
287,86,True
275,67,False
295,83,False
291,87,True
288,88,True
295,88,False
296,86,False
285,81,True
298,86,False
292,87,False
285,85,True
272,78,False
293,85,True
291,88,True
310,77,True
288,87,False
276,65,False
269,84,False
273,70,False
297,85,False
296,87,False
310,81,True
289,86,False
294,89,False
277,66,False
310,79,True
286,83,True
305,94,True
307,73,True
286,88,True
297,84,False
285,87,True
304,93,True
285,83,True
287,80,True
270,74,False
286,87,True
296,83,False
272,69,False
309,76,True
287,81,True
309,73,True
272,76,False
286,82,True
289,81,False
296,81,False
286,84,True
269,82,False
293,84,True
269,75,False
271,89,False
309,77,True
284,88,True
270,76,False
288,79,True
305,65,True
292,88,False
272,72,False
272,73,False
309,85,True
307,86,True
291,84,False
297,83,False
288,80,True
271,85,False
274,71,False
284,83,True
290,84,False
292,80,True
269,79,False
284,84,True
271,87,False
296,80,False
273,66,False
271,83,False
275,70,False
295,80,False
294,84,False
293,89,False
269,74,False
292,89,True
273,72,False
306,67,True
271,82,False
288,81,True
301,96,True
278,98,False
293,80,False
292,84,True
269,87,False
272,81,False
287,87,True
276,97,False
304,92,True
297,86,False
272,92,False
297,81,False
285,86,True
298,85,False
270,71,False
274,65,False
289,77,True
310,85,True
289,80,False
286,83,True
270,81,False
291,82,False
287,86,True
276,96,False
273,81,False
286,86,True
270,80,False
271,88,False
276,61,False
298,84,False
279,61,False
272,85,False
294,90,False
298,138,False
283,86,True
277,63,False
296,88,False
288,78,True
308,70,True
286,87,True
295,89,False
276,67,False
300,97,True
272,83,False
286,88,True
285,82,True
308,77,True
291,88,True
290,83,False
293,84,True
274,94,False
305,90,True
286,81,True
276,93,False
287,79,True
301,94,True
293,85,True
288,80,True
291,86,True
279,62,False
295,86,False
297,85,False
276,66,False
287,80,True
298,96,True
291,83,False
308,86,True
271,72,False
286,82,True
271,76,False
308,84,True
286,80,True
272,91,False
291,78,False
286,84,True
288,79,True
291,79,False
309,82,True
270,87,False
305,89,True
292,81,False
280,82,True
270,84,False
308,72,True
276,63,False
309,80,True
272,77,False
293,83,True
270,77,False
307,68,True
275,68,False
297,84,False
277,95,False
285,84,True
303,62,True
308,87,True
309,78,True
272,67,False
270,86,False
295,82,False
289,85,False
306,88,True
307,66,True
295,81,False
295,79,False
307,65,True
304,90,True
272,87,False
304,91,True
287,87,True
275,96,False
296,82,False
298,142,False
284,82,True
300,95,True
273,95,False
273,94,False
305,66,True
271,90,False
272,79,False
273,86,False
273,65,False
298,83,False
311,70,True
309,75,True
297,80,False
271,91,False
290,85,False
287,86,True
310,73,True
311,84,True
273,68,False
288,81,True
298,81,False
271,73,False
309,71,True
286,139,True
271,86,False
283,141,True
312,83,True
272,93,False
270,85,False
277,65,False
272,74,False
296,86,False
270,89,False
297,88,False
309,79,True
294,89,False
274,92,False
295,88,False
296,87,False
271,92,False
309,81,True
304,64,True
295,87,False
288,80,True
288,87,False
296,81,False
275,63,False
269,86,False
293,82,False
310,82,True
291,89,True
268,78,False
295,80,False
309,72,True
286,85,True
275,66,False
270,79,False
270,82,False
286,87,True
288,86,False
297,83,False
273,69,False
271,80,False
309,86,True
309,74,True
275,65,False
285,83,True
308,71,True
274,70,False
310,83,True
297,82,False
272,88,False
282,100,False
283,85,False
291,81,True
275,97,False
275,95,False
270,75,False
273,74,False
274,64,False
300,59,True
271,68,False
274,93,False
278,64,False
271,74,False
269,83,False
271,69,False
286,82,True
274,68,False
306,87,True
273,90,False
279,97,False
296,89,False
308,69,True
286,88,True
277,97,False
288,79,True
278,96,False
272,82,False
270,76,False
273,71,False
287,78,True
303,92,True
274,63,False
307,69,True
268,83,False
283,138,True
271,84,False
293,89,False
308,85,True
292,81,False
287,87,True
275,69,False
277,96,False
299,83,False
310,84,True
290,84,False
292,78,False
277,98,False
308,81,True
287,89,True
271,71,False
287,86,True
307,84,True
272,94,False
302,95,True
307,70,True
303,93,True
307,87,True
294,85,False
308,67,True
284,88,True
289,78,True
310,71,True
302,93,True
310,86,True
274,86,False
309,88,True
304,61,True
298,97,True
287,83,False
296,83,False
285,87,True
270,88,False
284,84,True
310,75,True
308,83,True
306,69,True
297,86,False
269,77,False
285,88,True
310,78,True
286,86,True
294,88,False
310,76,True
269,78,False
269,72,False
307,89,True
291,85,True
307,67,True
268,77,False
273,89,False
269,81,False
275,64,False
305,91,True
308,89,True
270,78,False
295,85,False
278,61,False
311,82,True
271,77,False
306,90,True
311,74,True
296,80,False
307,71,True
312,78,True
271,67,False
296,86,False
309,76,True
310,72,True
293,83,True
274,67,False
286,81,True
309,84,True
286,82,True
296,79,False
308,82,True
270,74,False
304,66,True
309,77,True
275,62,False
272,65,False
288,79,True
278,60,False
288,80,True
297,85,False
300,141,False
311,69,True
274,66,False
284,85,True
270,83,False
270,72,False
270,73,False
310,74,True
286,87,True
272,71,False
311,73,True
269,85,False
297,84,False
303,95,True
300,94,True
268,81,False
271,78,False
287,86,True
268,80,False
305,64,True
305,88,True
287,77,True
269,73,False
306,68,True
287,79,True
291,81,True
278,65,False
312,76,True
300,139,False
311,77,True
287,80,True
295,86,False
305,93,True
302,94,True
298,59,True
269,88,False
301,60,True
310,80,True
303,63,True
308,88,True
268,74,False
308,76,True
281,138,True
292,84,True
284,84,True
287,81,True
271,75,False
309,83,True
292,85,True
294,83,False
291,86,True
308,90,True
273,67,False
276,95,False
307,72,True
291,141,True
295,81,False
293,79,True
290,83,False
288,78,True
286,59,False
285,81,True
295,78,False
291,140,True
286,60,False
308,76,False
297,60,False
279,65,False
287,86,False
291,81,False
288,79,False
294,86,True
288,88,True
285,81,False
287,79,False
297,84,True
294,89,True
289,88,False
296,86,True
286,87,False
307,71,False
292,89,True
287,86,False
297,85,True
295,86,True
287,80,False
288,79,False
287,87,False
